,urlid
0,3
1,4
2,5
3,6
4,7
5,8
6,9
7,16
8,17
9,18
10,19
11,20
12,21
13,22
14,23
15,50
16,51
17,52
18,53
19,54
20,59
21,60
22,101
23,102
24,103
25,104
26,105
27,106
28,107
29,108
30,109
31,110
32,111
33,112
34,113
35,114
36,115
37,116
38,117
39,118
40,119
41,120
42,19901
43,19902
44,19903
45,19904
46,19905
47,19906
48,19907
49,19908
50,19909
51,19990
52,19991
53,19992
54,19993
55,19994
56,19995
57,19996
58,19997
59,19998
60,19999
61,20496
62,20497
63,20498
64,20499
65,20501
66,20502
67,20503
68,20504
69,20505
70,20506
71,20507
72,20508
73,20509
74,20510
75,20511
76,20512
77,20513
78,20514
79,20515
80,20516
81,20517
82,20518
83,20519
84,20520
85,20521
86,20522
87,20523
88,20524
89,20525
90,20526
91,20527
92,20528
93,20529
94,20530
95,20531
96,20532
97,20533
98,20534
99,20535
100,20536
101,20537
102,20538
103,20539
104,20540
105,20541
106,20542
107,20543
108,20544
109,20545
110,20546
111,20547
112,20548
113,20549
114,20550
115,20551
116,20552
117,20553
118,20554
119,20555
120,20556
121,20557
122,20558
123,20559
124,20560
125,20561
126,20562
127,20563
128,20564
129,20600
130,20601
131,20602
132,20603
133,20604
134,20605
135,20606
136,20607
137,20608
138,20609
139,20610
140,20611
141,20612
142,20613
143,20614
144,20615
145,20616
146,20617
147,20618
148,20619
149,20620
150,20621
151,20622
152,20623
153,20624
154,20625
155,20626
156,20627
157,20628
158,20629
159,20630
160,20631
161,20632
162,20633
163,20634
164,20635
165,20636
166,20637
167,20638
168,20639
169,20640
170,20641
171,20642
172,20643
173,20644
174,20645
175,20646
176,20647
177,20648
178,20649
179,20650
180,20651
181,20652
182,20653
183,20654
184,20655
185,20656
186,20657
187,20658
188,20659
189,20660
190,20661
191,20662
192,20663
193,20664
194,20665
195,20666
196,20667
197,20668
198,20669
199,20670
200,20671
201,20672
202,20673
203,20674
204,20675
205,20676
206,20677
207,20678
208,20679
209,20680
210,20681
211,20682
212,20683
213,20684
214,20685
215,20686
216,20687
217,20688
218,20689
219,20690
220,20691
221,20692
222,20693
223,20694
224,20695
225,20696
226,20697
227,20698
228,20699
229,20700
230,20701
231,20702
232,20703
233,20704
234,20705
235,20706
236,20707
237,20708
238,20709
239,20710
240,20711
241,20712
242,20713
243,20714
244,20715
245,20716
246,20717
247,20718
248,20719
249,20720
250,20721
251,20722
252,20723
253,20724
254,20725
255,20726
256,20727
257,20728
258,20729
259,20730
260,20731
261,20732
262,20733
263,20734
264,20735
265,20736
266,20737
267,20738
268,20739
269,20740
270,20741
271,20742
272,20743
273,20744
274,20745
275,20746
276,20747
277,20748
278,20749
279,20750
280,20751
281,20752
282,20753
283,20754
284,20755
285,20756
286,20757
287,20758
288,20759
289,20760
290,20761
291,20762
292,20763
293,20764
294,20905
295,20906
296,20907
297,20908
298,20909
299,20910
300,20911
301,20912
302,20913
303,20914
304,20915
305,20916
306,20917
307,20918
308,20919
309,20920
310,20921
311,20922
312,20923
313,20924
314,20925
315,20926
316,20927
317,20928
318,20929
319,20930
320,20931
321,21001
322,21002
323,21003
324,21004
325,21005
326,21006
327,21007
328,21008
329,21009
330,21010
331,21011
332,21012
333,21013
334,21014
335,21015
336,21016
337,21017
338,21018
339,21019
340,21020
341,21021
342,21022
343,21023
344,21024
345,21025
346,21026
347,21027
348,21028
349,21029
350,21030
351,21031
352,21032
353,21033
354,21034
355,21035
356,21036
357,21037
358,21038
359,21039
360,21040
361,21041
362,21042
363,21043
364,21044
365,21045
366,21046
367,21047
368,21048
369,21049
370,21050
371,21051
372,21052
373,21053
374,21054
375,21055
376,21056
377,21057
378,21058
379,21059
380,21060
381,21061
382,21062
383,21063
384,21064
385,21065
386,21066
387,21067
388,21068
389,21069
390,21070
391,21071
392,21072
393,21073
394,21074
395,21075
396,21076
397,21077
398,21078
399,21079
400,21080
401,21081
402,21082
403,21083
404,21084
405,21085
406,21086
407,21087
408,21088
409,21089
410,21090
411,21091
412,21092
413,21093
414,21094
415,21095
416,21096
417,21097
418,21098
419,21099
420,21100
421,21101
422,21103
423,21104
424,21105
425,21106
426,21107
427,21108
428,21109
429,21110
430,21111
431,21112
432,21113
433,21114
434,21115
435,21116
436,21117
437,21118
438,21119
439,21120
440,21121
441,21122
442,21123
443,21124
444,21126
445,21127
446,21128
447,21129
448,21130
449,21131
450,21132
451,21133
452,21134
453,21135
454,21136
455,21137
456,21138
457,21139
458,21140
459,21141
460,21142
461,21143
462,21144
463,21146
464,21147
465,21148
466,21149
467,21150
468,21151
469,21152
470,21153
471,21154
472,21155
473,21156
474,21157
475,21158
476,21159
477,21160
478,21161
479,21162
480,21163
481,21164
482,21165
483,21166
484,21167
485,21168
486,21169
487,21170
488,21171
489,21172
490,21173
491,21174
492,21175
493,21176
494,21177
495,21178
496,21179
497,21180
498,21181
499,21182
500,21183
501,21184
502,21185
503,21186
504,21187
505,21188
506,21189
507,21190
508,21191
509,21192
510,21193
511,21194
512,21195
513,21196
514,21197
515,21198
516,21199
517,21200
518,21201
519,21202
520,21203
521,21204
522,21205
523,21206
524,21207
525,21208
526,21209
527,21210
528,21211
529,21212
530,21213
531,21214
532,21215
533,21216
534,21217
535,21218
536,21219
537,21220
538,21221
539,21222
540,21223
541,21224
542,21225
543,21226
544,21227
545,21228
546,21229
547,21230
548,21231
549,21232
550,21233
551,21234
552,21235
553,21236
554,21237
555,21238
556,21239
557,21240
558,21241
559,21242
560,21243
561,21244
562,21245
563,21246
564,21247
565,21248
566,21249
567,21250
568,21251
569,21252
570,21253
571,21254
572,21255
573,21256
574,21257
575,21258
576,21259
577,21260
578,21261
579,21262
580,21263
581,21264
582,21265
583,21266
584,21267
585,21268
586,21269
587,21270
588,21271
589,21272
590,21273
591,21274
592,21275
593,21276
594,21277
595,21278
596,21279
597,21280
598,21281
599,21282
600,21283
601,21284
602,21285
603,21286
604,21287
605,21288
606,21289
607,21290
608,21291
609,21292
610,21293
611,21294
612,21295
613,21296
614,21297
615,21298
616,21299
617,21300
618,21301
619,21302
620,21303
621,21304
622,21305
623,21306
624,21307
625,21308
626,21309
627,21310
628,21311
629,21312
630,21313
631,21314
632,21315
633,21316
634,21317
635,21318
636,21319
637,21320
638,21321
639,21322
640,21323
641,21324
642,21325
643,21326
644,21327
645,21328
646,21329
647,21330
648,21331
649,21332
650,21333
651,21334
652,21335
653,21336
654,21337
655,21338
656,21339
657,21340
658,21341
659,21342
660,21343
661,21344
662,21345
663,21346
664,21347
665,21348
666,21349
667,21350
668,21351
669,21352
670,21353
671,21354
672,21355
673,21356
674,21357
675,21358
676,21359
677,21360
678,21361
679,21362
680,21363
681,21364
682,21365
683,21366
684,21367
685,21368
686,21369
687,21370
688,21371
689,21372
690,21373
691,21374
692,21375
693,21376
694,21377
695,21378
696,21379
697,21380
698,21381
699,21382
700,21383
701,21384
702,21385
703,21386
704,21387
705,21388
706,21389
707,21390
708,21391
709,21392
710,21393
711,21394
712,21395
713,21396
714,21397
715,21398
716,21399
717,21400
718,21401
719,21402
720,21403
721,21404
722,21405
723,21406
724,21407
725,21408
726,21409
727,21410
728,21411
729,21412
730,21413
731,21414
732,21415
733,21416
734,21417
735,21418
736,21419
737,21420
738,21421
739,21422
740,21423
741,21424
742,21425
743,21426
744,21427
745,21428
746,21429
747,21430
748,21431
749,21432
750,21433
751,21434
752,21435
753,21436
754,21437
755,21438
756,21439
757,21440
758,21441
759,21442
760,21443
761,21444
762,21445
763,21446
764,21447
765,21448
766,21449
767,21450
768,21451
769,21452
770,21453
771,21454
772,21455
773,21456
774,21457
775,21458
776,21459
777,21460
778,21461
779,21462
780,21463
781,21464
782,21465
783,21466
784,21467
785,21468
786,21469
787,21470
788,21471
789,21472
790,21473
791,21474
792,21475
793,21476
794,21477
795,21478
796,21479
797,21480
798,21481
799,21482
800,21483
801,21484
802,21485
803,21486
804,21487
805,21488
806,21489
807,21490
808,21491
809,21492
810,21493
811,21494
812,21495
813,21496
814,21497
815,21498
816,21499
817,21500
818,21501
819,21502
820,21503
821,21504
822,21505
823,21506
824,21507
825,21508
826,21509
827,21510
828,21511
829,21512
830,21513
831,21514
832,21515
833,21516
834,21517
835,21518
836,21519
837,21520
838,21521
839,21522
840,21523
841,21524
842,21525
843,21526
844,21527
845,21528
846,21529
847,21530
848,21531
849,21532
850,21533
851,21534
852,21535
853,21536
854,21537
855,21538
856,21539
857,21540
858,21541
859,21542
860,21543
861,21544
862,21545
863,21546
864,21547
865,21548
866,21549
867,21550
868,21551
869,21552
870,21553
871,21554
872,21555
873,21556
874,21557
875,21558
876,21559
877,21560
878,21561
879,21562
880,21563
881,21564
882,22001
883,22002
884,22003
885,22004
886,22005
887,22006
888,22007
889,22008
890,22009
891,22010
892,22011
893,22012
894,22013
895,22014
896,22015
897,22016
898,22017
899,22018
900,22019
901,22020
902,22021
903,22022
904,22023
905,22024
906,22025
907,22026
908,22027
909,22028
910,22029
911,22030
912,22031
913,22032
914,22033
915,22034
916,22035
917,22036
918,22037
919,22038
920,22039
921,22040
922,22041
923,22042
924,22043
925,22044
926,22045
927,22046
928,22047
929,22048
930,22049
931,22050
932,22051
933,22052
934,22053
935,22054
936,22055
937,22056
938,22057
939,22058
940,22059
941,22060
942,22061
943,22062
944,22063
945,22064
946,22065
947,22066
948,22067
949,22068
950,22069
951,22070
952,22071
953,22072
954,22073
955,22074
956,22075
957,22076
958,22077
959,22078
960,22079
961,22080
962,22081
963,22082
964,22083
965,22084
966,22085
967,22086
968,22087
969,22088
970,22089
971,22090
972,22091
973,22092
974,22093
975,22094
976,22095
977,22096
978,22097
979,22098
980,22099
981,22100
982,22101
983,22102
984,22103
985,22104
986,22105
987,22106
988,22107
989,22108
990,22109
991,22110
992,22111
993,22112
994,22113
995,22114
996,22115
997,22116
998,22117
999,22118
1000,22119
1001,22120
1002,22121
1003,22122
1004,22123
1005,22124
1006,22125
1007,22126
1008,22127
1009,22128
1010,22129
1011,22130
1012,22131
1013,22132
1014,22133
1015,22134
1016,22135
1017,22136
1018,22137
1019,22138
1020,22139
1021,22140
1022,22141
1023,22142
1024,22143
1025,22144
1026,22145
1027,22146
1028,22147
1029,22148
1030,22149
1031,22150
1032,22151
1033,22152
1034,22153
1035,22154
1036,22155
1037,22156
1038,22157
1039,22158
1040,22159
1041,22160
1042,22161
1043,22162
1044,22163
1045,22164
1046,22165
1047,22166
1048,22167
1049,22168
1050,22169
1051,22170
1052,22171
1053,22172
1054,22173
1055,22174
1056,22175
1057,22176
1058,22177
1059,22178
1060,22179
1061,22180
1062,22181
1063,22182
1064,22183
1065,22184
1066,22185
1067,22186
1068,22187
1069,22188
1070,22189
1071,22190
1072,22191
1073,22192
1074,22193
1075,22194
1076,22195
1077,22196
1078,22197
1079,22198
1080,22199
1081,22200
1082,22201
1083,22202
1084,22203
1085,22204
1086,22205
1087,22206
1088,22207
1089,22208
1090,22209
1091,22210
1092,22211
1093,22212
1094,22213
1095,22214
1096,22215
1097,22216
1098,22217
1099,22218
1100,22219
1101,22220
1102,22221
1103,22222
1104,22223
1105,22224
1106,22225
1107,22226
1108,22227
1109,22228
1110,22229
1111,22230
1112,22231
1113,22232
1114,22233
1115,22234
1116,22235
1117,22236
1118,22237
1119,22238
1120,22239
1121,22240
1122,22241
1123,22242
1124,22243
1125,22244
1126,22245
1127,22246
1128,22247
1129,22248
1130,22249
1131,22250
1132,22251
1133,22252
1134,22253
1135,22254
1136,22255
1137,22256
1138,22257
1139,22258
1140,22259
1141,22260
1142,22261
1143,22262
1144,22263
1145,22264
1146,22265
1147,22266
1148,22267
1149,22268
1150,22269
1151,22270
1152,22271
1153,22272
1154,22273
1155,22274
1156,22275
1157,22276
1158,22277
1159,22278
1160,22279
1161,22280
1162,22281
1163,22282
1164,22283
1165,22284
1166,22285
1167,22286
1168,22287
1169,22288
1170,22289
1171,22290
1172,22291
1173,22292
1174,22293
1175,22294
1176,22295
1177,22296
1178,22297
1179,22298
1180,22299
1181,22300
1182,22301
1183,22302
1184,22303
1185,22304
1186,22305
1187,22306
1188,22307
1189,22308
1190,22309
1191,22310
1192,22311
1193,22312
1194,22313
1195,22314
1196,22315
1197,22316
1198,22317
1199,22318
1200,22319
1201,22320
1202,22321
1203,22322
1204,23001
1205,23002
1206,23003
1207,23004
1208,23005
1209,23006
1210,23007
1211,23008
1212,23009
1213,23010
1214,23011
1215,23012
1216,23013
1217,23014
1218,23015
1219,23016
1220,23017
1221,23018
1222,23019
1223,23020
1224,23021
1225,23022
1226,23023
1227,23024
1228,23025
1229,23026
1230,23027
1231,23028
1232,23029
1233,23030
1234,23031
1235,23032
1236,23033
1237,23098
1238,23101
1239,23102
1240,23103
1241,23104
1242,23105
1243,23106
1244,23107
1245,23108
1246,23109
1247,23110
1248,23111
1249,23112
1250,23113
1251,23114
1252,23115
1253,23116
1254,23117
1255,23118
1256,23119
1257,23120
1258,23121
1259,23122
1260,23123
1261,23124
1262,23125
1263,23126
1264,23127
1265,23128
1266,23129
1267,23130
1268,23131
1269,23132
1270,23133
1271,23134
1272,23135
1273,23136
1274,23137
1275,23138
1276,23139
1277,23140
1278,23141
1279,23142
1280,23143
1281,23144
1282,23145
1283,23146
1284,23147
1285,23148
1286,23149
1287,23150
1288,23151
1289,23152
1290,23153
1291,23154
1292,23155
1293,23156
1294,24001
1295,24002
1296,24003
1297,24004
1298,24005
1299,24006
1300,24007
1301,24008
1302,24009
1303,24010
1304,24011
1305,24012
1306,24013
1307,24014
1308,24015
1309,24016
1310,24017
1311,24018
1312,24019
1313,24020
1314,24021
1315,24022
1316,24023
1317,24024
1318,24025
1319,24026
1320,24027
1321,24028
1322,24029
1323,24030
1324,24031
1325,24032
1326,24033
1327,24034
1328,24035
1329,24036
1330,24037
1331,24038
1332,24039
1333,24040
1334,24041
1335,24042
1336,24043
1337,24044
1338,24045
1339,24046
1340,24047
1341,24048
1342,24049
1343,24050
1344,24051
1345,24052
1346,24053
1347,24054
1348,24055
1349,24056
1350,24057
1351,24058
1352,24059
1353,24060
1354,24061
1355,24062
1356,24063
1357,24064
1358,24065
1359,24066
1360,24067
1361,24068
1362,24069
1363,24070
1364,24071
1365,24072
1366,24073
1367,24074
1368,24075
1369,24076
1370,24077
1371,24078
1372,24079
1373,24080
1374,24081
1375,24082
1376,24083
1377,24084
1378,24085
1379,24086
1380,24087
1381,24088
1382,24089
1383,24090
1384,24091
1385,24092
1386,24093
1387,24094
1388,24095
1389,24096
1390,24097
1391,24098
1392,24099
1393,24100
1394,24101
1395,24102
1396,24103
1397,24104
1398,24105
1399,24106
1400,24107
1401,24108
1402,24109
1403,24110
1404,24111
1405,24112
1406,24113
1407,24114
1408,24115
1409,24116
1410,24117
1411,24118
1412,24119
1413,24120
1414,24121
1415,24122
1416,24123
1417,24124
1418,24125
1419,24126
1420,24127
1421,24128
1422,24129
1423,24130
1424,24131
1425,24132
1426,24133
1427,24134
1428,24135
1429,24136
1430,24137
1431,24138
1432,24139
1433,24140
1434,24141
1435,24142
1436,24143
1437,24144
1438,24145
1439,24146
1440,24147
1441,24148
1442,24149
1443,24150
1444,24151
1445,24152
1446,24153
1447,24154
1448,24155
1449,24156
1450,24157
1451,24158
1452,24159
1453,24160
1454,24161
1455,24162
1456,24163
1457,24164
1458,24165
1459,24166
1460,24167
1461,24168
1462,24169
1463,24170
1464,24171
1465,24172
1466,24173
1467,24174
1468,24175
1469,24176
1470,24177
1471,24178
1472,24179
1473,24180
1474,24181
1475,24182
1476,24183
1477,24184
1478,24185
1479,24186
1480,24187
1481,24188
1482,24189
1483,24190
1484,24191
1485,24192
1486,24193
1487,24194
1488,24195
1489,24196
1490,24197
1491,24198
1492,24199
1493,24200
1494,24201
1495,24202
1496,24203
1497,24204
1498,24205
1499,24206
1500,24207
1501,24208
1502,24209
1503,24210
1504,24211
1505,24212
1506,24213
1507,24214
1508,24215
1509,24216
1510,24217
1511,24218
1512,24219
1513,24220
1514,24221
1515,24222
1516,24223
1517,24224
1518,24225
1519,24226
1520,24227
1521,24228
1522,24229
1523,24230
1524,24231
1525,24232
1526,24233
1527,24234
1528,24235
1529,24236
1530,24237
1531,24238
1532,24239
1533,24240
1534,24241
1535,24242
1536,24243
1537,24244
1538,24245
1539,24246
1540,24247
1541,24248
1542,24249
1543,24250
1544,24251
1545,24252
1546,24253
1547,24254
1548,24255
1549,24256
1550,24257
1551,24258
1552,24259
1553,24260
1554,24261
1555,24262
1556,24263
1557,24264
1558,24265
1559,24266
1560,24267
1561,24268
1562,24269
1563,24270
1564,24271
1565,24272
1566,24273
1567,24274
1568,24275
1569,24276
1570,24277
1571,24278
1572,24279
1573,24280
1574,24281
1575,24282
1576,24283
1577,24284
1578,24285
1579,24286
1580,24287
1581,24288
1582,24289
1583,24290
1584,24291
1585,24292
1586,24293
1587,24294
1588,24295
1589,24296
1590,24297
1591,24298
1592,24299
1593,24300
1594,24301
1595,24302
1596,24303
1597,24304
1598,24305
1599,24306
1600,24307
1601,24308
1602,24309
1603,24310
1604,24311
1605,24312
1606,24313
1607,24314
1608,24315
1609,24316
1610,24317
1611,24318
1612,24319
1613,24320
1614,24321
1615,24322
1616,24323
1617,24324
1618,24325
1619,24326
1620,24327
1621,24328
1622,24329
1623,24330
1624,24331
1625,24332
1626,24333
1627,24334
1628,24335
1629,24336
1630,24337
1631,24338
1632,24339
1633,24340
1634,24341
1635,24342
1636,24343
1637,24344
1638,24345
1639,24346
1640,24347
1641,24348
1642,24349
1643,24350
1644,24351
1645,24352
1646,24353
1647,24354
1648,24355
1649,24356
1650,24357
1651,24358
1652,24359
1653,24360
1654,24361
1655,24362
1656,24363
1657,24364
1658,24365
1659,24366
1660,24367
1661,24368
1662,24369
1663,24370
1664,24371
1665,24372
1666,24373
1667,24374
1668,24375
1669,24376
1670,24377
1671,24378
1672,24379
1673,24380
1674,24381
1675,24382
1676,24383
1677,24384
1678,24385
1679,24386
1680,24387
1681,24388
1682,24389
1683,24390
1684,24391
1685,24392
1686,24393
1687,24394
1688,24395
1689,24396
1690,24397
1691,24398
1692,24399
1693,24400
1694,24401
1695,24402
1696,24403
1697,24404
1698,24405
1699,24406
1700,24407
1701,24408
1702,24409
1703,24410
1704,24411
1705,24412
1706,24413
1707,24414
1708,24415
1709,24416
1710,24417
1711,24418
1712,24419
1713,24420
1714,24421
1715,24422
1716,24423
1717,24424
1718,24425
1719,24426
1720,24427
1721,24428
1722,24429
1723,24430
1724,24431
1725,24432
1726,24433
1727,24434
1728,24435
1729,24436
1730,24437
1731,24438
1732,24439
1733,24440
1734,24441
1735,24442
1736,24443
1737,24444
1738,24445
1739,24446
1740,24447
1741,24448
1742,24449
1743,24450
1744,24451
1745,24452
1746,24453
1747,24454
1748,24455
1749,24456
1750,24457
1751,24458
1752,24459
1753,24460
1754,24461
1755,24462
1756,24463
1757,24464
1758,24465
1759,24466
1760,24467
1761,24468
1762,24469
1763,25001
1764,25002
1765,25003
1766,25004
1767,25005
1768,25006
1769,25007
1770,25008
1771,25009
1772,25010
1773,25011
1774,25012
1775,25013
1776,25014
1777,25015
1778,25016
1779,25017
1780,25018
1781,25019
1782,25020
1783,25021
1784,25022
1785,25023
1786,25024
1787,25025
1788,25026
1789,25027
1790,25028
1791,25101
1792,25102
1793,25103
1794,25104
1795,25105
1796,25106
1797,25107
1798,25108
1799,25109
1800,25110
1801,25111
1802,25112
1803,25113
1804,25114
1805,25115
1806,25116
1807,25117
1808,25118
1809,25119
1810,25120
1811,25121
1812,25122
1813,25123
1814,25124
1815,25125
1816,25126
1817,25201
1818,25202
1819,25203
1820,25204
1821,25205
1822,25206
1823,25207
1824,25208
1825,25209
1826,25210
1827,25211
1828,25212
1829,25213
1830,25214
1831,25215
1832,25216
1833,25217
1834,25218
1835,25219
1836,25220
1837,25221
1838,25222
1839,25223
1840,25224
1841,25225
1842,25226
1843,25227
1844,25228
1845,25229
1846,25230
1847,25231
1848,25232
1849,25233
1850,25234
1851,25235
1852,25236
1853,25237
1854,25238
1855,25239
1856,25240
1857,25241
1858,25242
1859,25243
1860,25244
1861,25245
1862,25246
1863,25247
1864,25248
1865,25249
1866,25250
1867,25251
1868,25252
1869,25253
1870,25254
1871,25255
1872,25256
1873,25257
1874,25258
1875,25259
1876,25260
1877,25261
1878,25262
1879,25263
1880,25264
1881,25265
1882,25266
1883,25267
1884,25268
1885,25269
1886,25270
1887,25271
1888,25272
1889,25273
1890,25274
1891,25275
1892,25276
1893,25277
1894,25278
1895,25279
1896,25280
1897,25281
1898,25282
1899,25283
1900,25284
1901,25285
1902,25286
1903,25287
1904,25288
1905,25289
1906,25290
1907,25291
1908,25292
1909,25293
1910,25294
1911,25295
1912,25296
1913,25401
1914,25402
1915,25403
1916,25404
1917,25405
1918,25406
1919,25407
1920,25408
1921,25409
1922,25410
1923,25411
1924,25412
1925,25413
1926,25414
1927,25415
1928,25416
1929,26001
1930,26003
1931,26004
1932,26005
1933,26006
1934,26007
1935,26008
1936,26009
1937,26010
1938,26011
1939,26012
1940,26013
1941,26014
1942,26015
1943,26016
1944,26017
1945,26018
1946,26019
1947,26020
1948,26021
1949,26022
1950,26023
1951,26025
1952,26026
1953,26027
1954,26028
1955,26029
1956,26030
1957,26031
1958,26032
1959,26033
1960,26034
1961,26035
1962,26036
1963,26037
1964,26038
1965,26039
1966,26040
1967,26041
1968,26042
1969,26043
1970,26044
1971,26045
1972,26047
1973,26048
1974,26049
1975,26050
1976,26051
1977,26052
1978,26053
1979,26054
1980,26055
1981,26056
1982,26057
1983,26058
1984,26059
1985,26060
1986,26061
1987,26062
1988,26063
1989,26064
1990,26065
1991,26066
1992,26504
1993,26505
1994,26506
1995,26507
1996,26508
1997,26509
1998,26510
1999,26511
2000,26512
2001,26513
2002,26514
2003,26515
2004,26516
2005,26517
2006,26518
2007,26519
2008,26520
2009,26521
2010,26522
2011,26523
2012,26524
2013,26525
2014,26526
2015,26527
2016,26528
2017,26529
2018,26530
2019,26531
2020,26532
2021,26533
2022,26534
2023,26535
2024,26536
2025,26537
2026,26538
2027,26539
2028,26540
2029,26541
2030,26542
2031,27001
2032,27002
2033,27003
2034,27004
2035,27005
2036,27006
2037,27007
2038,27008
2039,27009
2040,27010
2041,27011
2042,27012
2043,27013
2044,27014
2045,27015
2046,27016
2047,27017
2048,27018
2049,27019
2050,27020
2051,27021
2052,27022
2053,27023
2054,27024
2055,27025
2056,27026
2057,27027
2058,27028
2059,27029
2060,27030
2061,27031
2062,27032
2063,27033
2064,27034
2065,27035
2066,27036
2067,27037
2068,27038
2069,27039
2070,27040
2071,27041
2072,27042
2073,27043
2074,27044
2075,27045
2076,27046
2077,27047
2078,27048
2079,27049
2080,27301
2081,27302
2082,27303
2083,27304
2084,27305
2085,27306
2086,27307
2087,27308
2088,27309
2089,27310
2090,27311
2091,27312
2092,27313
2093,27314
2094,27501
2095,27502
2096,27503
2097,27504
2098,27505
2099,27506
2100,27507
2101,27508
2102,27509
2103,27510
2104,27511
2105,27512
2106,27513
2107,27514
2108,27515
2109,27516
2110,27517
2111,27518
2112,27519
2113,27520
2114,27521
2115,27522
2116,27523
2117,27524
2118,27525
2119,27526
2120,27527
2121,27528
2122,27529
2123,27530
2124,27531
2125,27532
2126,27533
2127,27534
2128,27535
2129,27536
2130,27537
2131,27538
2132,27539
2133,27540
2134,27541
2135,27542
2136,27543
2137,27544
2138,27545
2139,27546
2140,27547
2141,27548
2142,27549
2143,27550
2144,27551
2145,27552
2146,27553
2147,27554
2148,27555
2149,27556
2150,27557
2151,27558
2152,27559
2153,27560
2154,27561
2155,27562
2156,27563
2157,27564
2158,27565
2159,27566
2160,27567
2161,27568
2162,27569
2163,27570
2164,27571
2165,27572
2166,27573
2167,27574
2168,27575
2169,27576
2170,27577
2171,27578
2172,27579
2173,27580
2174,27581
2175,27582
2176,27583
2177,27584
2178,27585
2179,27586
2180,27587
2181,27588
2182,27589
2183,27590
2184,27591
2185,27592
2186,27593
2187,27594
2188,27595
2189,27596
2190,27597
2191,27598
2192,27599
2193,27600
2194,27601
2195,27602
2196,27603
2197,27604
2198,27605
2199,27606
2200,27607
2201,27608
2202,27609
2203,27610
2204,27611
2205,27612
2206,27613
2207,27614
2208,27615
2209,27616
2210,27617
2211,27618
2212,27619
2213,27620
2214,27621
2215,27622
2216,27623
2217,27624
2218,27625
2219,27626
2220,27627
2221,28101
2222,28102
2223,28103
2224,28104
2225,28105
2226,28106
2227,28107
2228,28108
2229,28109
2230,28110
2231,28111
2232,28112
2233,28113
2234,28114
2235,28115
2236,28116
2237,28498
2238,28499
2239,28500
2240,28501
2241,28502
2242,28503
2243,28504
2244,28505
2245,28506
2246,28507
2247,28508
2248,28509
2249,28510
2250,28511
2251,28512
2252,28513
2253,28514
2254,28515
2255,28516
2256,28517
2257,28518
2258,28519
2259,28520
2260,28521
2261,28522
2262,28523
2263,28524
2264,28525
2265,28526
2266,28527
2267,28528
2268,28529
2269,28530
2270,28531
2271,28532
2272,28533
2273,28534
2274,28535
2275,28536
2276,28537
2277,28538
2278,28539
2279,28540
2280,28541
2281,28542
2282,28543
2283,28544
2284,28545
2285,28546
2286,28547
2287,28548
2288,28549
2289,28550
2290,28551
2291,28552
2292,28553
2293,28554
2294,28555
2295,28556
2296,28557
2297,28558
2298,28559
2299,28560
2300,28561
2301,28562
2302,28563
2303,28564
2304,28565
2305,28566
2306,28567
2307,28568
2308,28569
2309,28570
2310,28571
2311,28572
2312,28573
2313,28574
2314,28575
2315,28576
2316,28577
2317,28578
2318,28579
2319,28580
2320,28581
2321,28582
2322,28583
2323,28584
2324,28587
2325,28588
2326,29501
2327,29502
2328,29503
2329,29504
2330,29505
2331,29506
2332,29507
2333,29508
2334,29509
2335,29510
2336,29511
2337,29512
2338,29513
2339,29514
2340,29515
2341,29516
2342,29517
2343,29518
2344,29519
2345,29520
2346,29521
2347,29522
2348,70300
2349,70301
2350,70302
2351,70303
2352,70304
2353,70305
2354,70306
2355,70307
2356,70308
2357,70309
2358,70310
2359,70311
2360,70312
2361,70313
2362,70314
2363,70315
2364,70316
2365,70317
2366,70318
2367,70319
2368,70320
2369,70321
2370,70322
2371,70323
2372,70324
2373,70325
2374,70326
2375,70327
2376,70328
2377,70329
2378,70330
2379,70331
2380,70332
2381,70333
2382,70334
2383,70335
2384,70336
2385,70337
2386,70338
2387,70339
2388,70340
2389,70341
2390,70342
2391,70343
2392,70344
2393,70345
2394,70346
2395,70347
2396,70348
2397,70349
2398,70350
2399,70351
2400,70352
2401,70353
2402,70354
2403,70355
2404,70356
2405,70357
2406,70358
2407,70359
2408,70360
2409,70361
2410,70362
2411,70363
2412,70364
2413,70365
2414,70366
2415,70367
2416,70368
2417,70369
2418,70370
2419,70371
2420,70372
2421,70373
2422,70374
2423,70375
2424,70376
2425,70377
2426,70378
2427,70379
2428,70380
2429,70381
2430,70382
2431,70383
2432,70384
2433,70385
2434,70386
2435,70387
2436,70388
2437,70389
2438,70390
2439,70391
2440,70392
2441,70393
2442,70394
2443,70395
2444,70396
2445,70397
2446,70398
2447,70399
2448,70400
2449,70401
2450,70402
2451,70403
2452,70404
2453,70405
2454,70406
2455,70407
2456,70408
2457,70409
2458,70410
2459,70411
2460,70412
2461,70413
2462,70414
2463,70415
2464,70416
2465,70417
2466,70418
2467,70419
2468,70420
2469,70421
2470,70422
2471,70423
2472,70424
2473,70425
2474,70426
2475,70427
2476,70428
2477,70429
2478,99920924
2479,99920925
2480,99920926
2481,99920927
2482,99920928
2483,99920929
2484,99920930
2485,99920931
2486,99926504
2487,99926505
2488,99926506
2489,1010001523
2490,1010002538
2491,1010009784
2492,1010009827
2493,1010009867
2494,1010009925
2495,1010010615
2496,1010010660
2497,1010011432
2498,1010011579
2499,1010016524
2500,1010017315
2501,1010017567
2502,1010017683
2503,1010020249
2504,1010027901
2505,1010027912
2506,1010028433
2507,1010028487
2508,1010028807
2509,1018000112
2510,1018000116
2511,1018000248
2512,1018000251
2513,1018000262
2514,1018000265
2515,1018000276
2516,1018000299
2517,1018000323
2518,1018000328
2519,1018000344
2520,1018000381
2521,1018000401
2522,1018000440
2523,1018000452
2524,1018000463
2525,1018000492
2526,1018000494
2527,1018000498
2528,1018000505
2529,1018000506
2530,1018000513
2531,1018000521
2532,1018000543
2533,1018000549
2534,1018000557
2535,1018000618
2536,1018000625
2537,1018000702
2538,1018000727
2539,1018000729
2540,1018000752
2541,1018000782
2542,1018000792
2543,1018000849
2544,1018000857
2545,1018000870
2546,1018000890
2547,1018000907
2548,1018000911
2549,1018000914
2550,1018000915
2551,1018000927
2552,1018000956
2553,1018000959
2554,1018000963
2555,1018000964
2556,1018000971
2557,1018000977
2558,1018000980
2559,1018000995
2560,1018001008
2561,1018001014
2562,1018001031
2563,1018001042
2564,1018001055
2565,1018001073
2566,1018001088
2567,1018001112
2568,1018001114
2569,1018001121
2570,1018001128
2571,1018001133
2572,1018001135
2573,1018001143
2574,1018001144
2575,1018001148
2576,1018001159
2577,1018001229
2578,1018001230
2579,1018001233
2580,1018001285
2581,1018001286
2582,1018001287
2583,1018001291
2584,1018001295
2585,1018001321
2586,1018001323
2587,1018001327
2588,1018001331
2589,1018001373
2590,1018001374
2591,1018001375
2592,1018001383
2593,1018001385
2594,1018001388
2595,1018001393
2596,1018001419
2597,1018001426
2598,1018001430
2599,1018001435
2600,1018001466
2601,1018001472
2602,1018001477
2603,1018001480
2604,1018001507
2605,1018001518
2606,1018001521
2607,1018001599
2608,1018001610
2609,1018001663
2610,1018001672
2611,1018001686
2612,1018001713
2613,1018001751
2614,1018001752
2615,1018001764
2616,1018001793
2617,1018001796
2618,1018001998
2619,1018002002
2620,1018002003
2621,1018002006
2622,1018002007
2623,1018002008
2624,1018002009
2625,1018002011
2626,1018002012
2627,1018002013
2628,1018002014
2629,1018002015
2630,1018002016
2631,1018002017
2632,1018002018
2633,1018002019
2634,1018002020
2635,1018002021
2636,1018002022
2637,1018002023
2638,1018002024
2639,1018002026
2640,1018002028
2641,1018002029
2642,1018002032
2643,1018002033
2644,1018002039
2645,1018002040
2646,1018002041
2647,1018002043
2648,1018002044
2649,1018002045
2650,1018002046
2651,1018002047
2652,1018002048
2653,1018002049
2654,1018002051
2655,1018002055
2656,1018002056
2657,1018002057
2658,1018002058
2659,1018002059
2660,1018002060
2661,1018002062
2662,1018002063
2663,1018002064
2664,1018002065
2665,1018002066
2666,1018002069
2667,1018002070
2668,1018002071
2669,1018002076
2670,1018002077
2671,1018002078
2672,1018002079
2673,1018002081
2674,1018002082
2675,1018002083
2676,1018002084
2677,1018002086
2678,1018002087
2679,1018002089
2680,1018002090
2681,1018002091
2682,1018002092
2683,1018002094
2684,1018002097
2685,1018002098
2686,1018002099
2687,1018002100
2688,1018002101
2689,1018002102
2690,1018002103
2691,1018002107
2692,1018002108
2693,1018002109
2694,1018002110
2695,1018002111
2696,1018002113
2697,1018002114
2698,1018002115
2699,1018002119
2700,1018002120
2701,1018002122
2702,1018002123
2703,1018002124
2704,1018002126
2705,1018002129
2706,1018002132
2707,1018002133
2708,1018002134
2709,1018002136
2710,1018002137
2711,1018002138
2712,1018002140
2713,1018002141
2714,1018002142
2715,1018002143
2716,1018002144
2717,1018002147
2718,1018002148
2719,1018002151
2720,1018002157
2721,1018002158
2722,1018002163
2723,1018002164
2724,1018002167
2725,1018002169
2726,1018002171
2727,1018002173
2728,1018002174
2729,1018002183
2730,1018002187
2731,1018002195
2732,1018002196
2733,1018002200
2734,1018002202
2735,1018002203
2736,1018002206
2737,1018002210
2738,1018002211
2739,1018002216
2740,1018002221
2741,1018002223
2742,1018002236
2743,1018002238
2744,1018002244
2745,1018002247
2746,1018002249
2747,1018002251
2748,1018002254
2749,1018002261
2750,1018002262
2751,1018002266
2752,1018002267
2753,1018002269
2754,1018002270
2755,1018002271
2756,1018002273
2757,1018002275
2758,1018002276
2759,1018002277
2760,1018002278
2761,1018002280
2762,1018002282
2763,1018002283
2764,1018002284
2765,1018002286
2766,1018002287
2767,1018002290
2768,1018002291
2769,1018002292
2770,1018002293
2771,1018002294
2772,1018002295
2773,1018002296
2774,1018002298
2775,1018002300
2776,1018002301
2777,1018002304
2778,1018002306
2779,1018002307
2780,1018002308
2781,1018002309
2782,1018002312
2783,1018002313
2784,1018002314
2785,1018002315
2786,1018002316
2787,1018002317
2788,1018002318
2789,1018002319
2790,1018002320
2791,1018002322
2792,1018002324
2793,1018002325
2794,1018002329
2795,1018002330
2796,1018002332
2797,1018002335
2798,1018002336
2799,1018002338
2800,1018002339
2801,1018002342
2802,1018002345
2803,1018002346
2804,1018002353
2805,1018002355
2806,1018002357
2807,1018002358
2808,1018002365
2809,1018002366
2810,1018002369
2811,1018002370
2812,1018002372
2813,1018002373
2814,1018002374
2815,1018002375
2816,1018002377
2817,1018002380
2818,1018002381
2819,1018002382
2820,1018002384
2821,1018002385
2822,1018002386
2823,1018002391
2824,1018002392
2825,1018002398
2826,1018002399
2827,1018002400
2828,1018002401
2829,1018002402
2830,1018002403
2831,1018002404
2832,1018002405
2833,1018002406
2834,1018002408
2835,1018002409
2836,1018002412
2837,1018002413
2838,1018002415
2839,1018002416
2840,1018002420
2841,1018002421
2842,1018002424
2843,1018002429
2844,1018002432
2845,1018002434
2846,1018002435
2847,1018002436
2848,1018002437
2849,1018002438
2850,1018002439
2851,1018002440
2852,1018002441
2853,1018002442
2854,1018002443
2855,1018002444
2856,1018002445
2857,1018002446
2858,1018002447
2859,1018002448
2860,1018002449
2861,1018002450
2862,1018002451
2863,1018002452
2864,1018002453
2865,1018002454
2866,1018002456
2867,1018002457
2868,1018002458
2869,1018002459
2870,1018002460
2871,1018002466
2872,1018002468
2873,1018002469
2874,1018002471
2875,1018002477
2876,1018002478
2877,1018002479
2878,1018002480
2879,1018002481
2880,1018002482
2881,1018002483
2882,1018002484
2883,1018002485
2884,1018002487
2885,1018002488
2886,1018002491
2887,1018002492
2888,1018002495
2889,1018002496
2890,1018002497
2891,1018002498
2892,1018002499
2893,1018002500
2894,1018002501
2895,1018002502
2896,1018002503
2897,1018002504
2898,1018002505
2899,1018002506
2900,1018002507
2901,1018002509
2902,1018002510
2903,1018002511
2904,1018002512
2905,1018002513
2906,1018002514
2907,1018002515
2908,1018002517
2909,1018002518
2910,1018002519
2911,1018002520
2912,1018002522
2913,1018002523
2914,1018002524
2915,1018002527
2916,1018002528
2917,1018002529
2918,1018002530
2919,1018002531
2920,1018002532
2921,1018002533
2922,1018002534
2923,1018002535
2924,1018002536
2925,1018002537
2926,1018002538
2927,1018002539
2928,1018002540
2929,1018002541
2930,1018002542
2931,1018002543
2932,1018002544
2933,1018002545
2934,1018002546
2935,1018002547
2936,1018002548
2937,1018002549
2938,1018002550
2939,1018002551
2940,1018002552
2941,1018002553
2942,1018002554
2943,1018002556
2944,1018002557
2945,1018002558
2946,1018002559
2947,1018002560
2948,1018002561
2949,1018002562
2950,1018002563
2951,1018002564
2952,1018002565
2953,1018002566
2954,1018002567
2955,1018002568
2956,1018002569
2957,1018002571
2958,1018002573
2959,1018002574
2960,1018002575
2961,1018002576
2962,1018002577
2963,1018002578
2964,1018002579
2965,1018002580
2966,1018002581
2967,1018002582
2968,1018002583
2969,1018002584
2970,1018002585
2971,1018002586
2972,1018002587
2973,1018002589
2974,1018002590
2975,1018002591
2976,1018002592
2977,1018002593
2978,1018002594
2979,1018002595
2980,1018002596
2981,1018002597
2982,1018002599
2983,1018002600
2984,1018002601
2985,1018002604
2986,1018002605
2987,1018002607
2988,1018002608
2989,1018002609
2990,1018002610
2991,1018002611
2992,1018002612
2993,1018002613
2994,1018002614
2995,1018002615
2996,1018002616
2997,1018002617
2998,1018002618
2999,1018002619
3000,1018002620
3001,1018002621
3002,1018002622
3003,1018002624
3004,1018002626
3005,1018002627
3006,1018002628
3007,1018002629
3008,1018002631
3009,1018002634
3010,1018002635
3011,1018002636
3012,1018002640
3013,1018002642
3014,1018002643
3015,1018002644
3016,1018002646
3017,1018002647
3018,1018002650
3019,1018002651
3020,1018002652
3021,1018002654
3022,1018002657
3023,1018002658
3024,1018002659
3025,1018002660
3026,1018002661
3027,1018002662
3028,1018002664
3029,1018002666
3030,1018002667
3031,1018002668
3032,1018002669
3033,1018002670
3034,1018002671
3035,1018002674
3036,1018002675
3037,1018002678
3038,1018002679
3039,1018002680
3040,1018002681
3041,1018002685
3042,1018002686
3043,1018002687
3044,1018002688
3045,1018002689
3046,1018002690
3047,1018002691
3048,1018002694
3049,1018002696
3050,1018002697
3051,1018002698
3052,1018002700
3053,1018002703
3054,1018002705
3055,1018002707
3056,1018002712
3057,1018002713
3058,1018002714
3059,1018002716
3060,1018002725
3061,1018002729
3062,1018002733
3063,1018002734
3064,1018002736
3065,1018002737
3066,1018002738
3067,1018002745
3068,1018002747
3069,1018002750
3070,1018002751
3071,1018002753
3072,1018002755
3073,1018002757
3074,1018002759
3075,1018002764
3076,1018002765
3077,1018002769
3078,1018002770
3079,1018002771
3080,1018002772
3081,1018002774
3082,1018002775
3083,1018002776
3084,1018002777
3085,1018002778
3086,1018002780
3087,1018002782
3088,1018002784
3089,1018002786
3090,1018002787
3091,1018002788
3092,1018002790
3093,1018002791
3094,1018002793
3095,1018002795
3096,1018002796
3097,1018002798
3098,1018002801
3099,1018002803
3100,1018002804
3101,1018002805
3102,1018002806
3103,1018002807
3104,1018002808
3105,1018002809
3106,1018002810
3107,1018002811
3108,1018002812
3109,1018002813
3110,1018002814
3111,1018002815
3112,1018002816
3113,1018002817
3114,1018002819
3115,1018002820
3116,1018002821
3117,1018002823
3118,1018002824
3119,1018002826
3120,1018002827
3121,1018002828
3122,1018002829
3123,1018002830
3124,1018002831
3125,1018002832
3126,1018002833
3127,1018002835
3128,1018002837
3129,1018002838
3130,1018002844
3131,1018002845
3132,1018002846
3133,1018002847
3134,1018002848
3135,1018002849
3136,1018002850
3137,1018002852
3138,1018002853
3139,1018002854
3140,1018002856
3141,1018002857
3142,1018002858
3143,1018002860
3144,1018002861
3145,1018002862
3146,1018002863
3147,1018002866
3148,1018002871
3149,1018002872
3150,1018002873
3151,1018002875
3152,1018002876
3153,1018002877
3154,1018002879
3155,1018002880
3156,1018002881
3157,1018002882
3158,1018002883
3159,1018002885
3160,1018002886
3161,1018002887
3162,1018002888
3163,1018002891
3164,1018002893
3165,1018002894
3166,1018002898
3167,1018002901
3168,1018002902
3169,1018002904
3170,1018002905
3171,1018002907
3172,1018009710
3173,1018009713
3174,1018009727
3175,1018009729
3176,1018009732
3177,1018009735
3178,1018009754
3179,1018009755
3180,1018009756
3181,1018009757
3182,1018009759
3183,1018009763
3184,1018009766
3185,1018009773
3186,1018009774
3187,1018009783
3188,1018009784
3189,1018009786
3190,1018009788
3191,1018009793
3192,1018009795
3193,1018009796
3194,1018009798
3195,1018009799
3196,1018009800
3197,1018009804
3198,1018009805
3199,1018009809
3200,1018009811
3201,1018009812
3202,1018009814
3203,1018009815
3204,1018009819
3205,1018009823
3206,1018009824
3207,1018009825
3208,1018009827
3209,1018009830
3210,1018009833
3211,1018009834
3212,1018009835
3213,1018009836
3214,1018009837
3215,1018009839
3216,1018009840
3217,1018009844
3218,1018009846
3219,1018009848
3220,1018009851
3221,1018009855
3222,1018009857
3223,1018009858
3224,1018009859
3225,1018009861
3226,1018009864
3227,1018009867
3228,1018009869
3229,1018009870
3230,1018009874
3231,1018009876
3232,1018009878
3233,1018009879
3234,1018009884
3235,1018009886
3236,1018009887
3237,1018009889
3238,1018009900
3239,1018009905
3240,1018009909
3241,1018009916
3242,1018009917
3243,1018009919
3244,1018009922
3245,1018009924
3246,1018009925
3247,1018009927
3248,1018009940
3249,1018009944
3250,1018009950
3251,1018009951
3252,1018009952
3253,1018009953
3254,1018009954
3255,1018009955
3256,1018009956
3257,1018009958
3258,1018009960
3259,1018009962
3260,1018009963
3261,1018009964
3262,1018009968
3263,1018009969
3264,1018009982
3265,1018009985
3266,1018010008
3267,1018010017
3268,1018010033
3269,1018010036
3270,1018010055
3271,1018010057
3272,1018010065
3273,1018010066
3274,1018010068
3275,1018010073
3276,1018010087
3277,1018010094
3278,1018010095
3279,1018010099
3280,1018010105
3281,1018010107
3282,1018010116
3283,1018010141
3284,1018010142
3285,1018010152
3286,1018010163
3287,1018010164
3288,1018010435
3289,1018010436
3290,1018010439
3291,1018010446
3292,1018010448
3293,1018010452
3294,1018010454
3295,1018010463
3296,1018010468
3297,1018010492
3298,1018010508
3299,1018010530
3300,1018010534
3301,1018010539
3302,1018010551
3303,1018010555
3304,1018010577
3305,1018010578
3306,1018010579
3307,1018010581
3308,1018010583
3309,1018010585
3310,1018010587
3311,1018010590
3312,1018010597
3313,1018010598
3314,1018010600
3315,1018010601
3316,1018010605
3317,1018010610
3318,1018010612
3319,1018010613
3320,1018010614
3321,1018010615
3322,1018010618
3323,1018010619
3324,1018010628
3325,1018010629
3326,1018010630
3327,1018010632
3328,1018010634
3329,1018010636
3330,1018010642
3331,1018010643
3332,1018010646
3333,1018010647
3334,1018010649
3335,1018010651
3336,1018010653
3337,1018010654
3338,1018010655
3339,1018010658
3340,1018010659
3341,1018010660
3342,1018010661
3343,1018010662
3344,1018010664
3345,1018010665
3346,1018010670
3347,1018010671
3348,1018010677
3349,1018010678
3350,1018010679
3351,1018010686
3352,1018010687
3353,1018010688
3354,1018010689
3355,1018010690
3356,1018010692
3357,1018010693
3358,1018010694
3359,1018010695
3360,1018010696
3361,1018010697
3362,1018010698
3363,1018010699
3364,1018010700
3365,1018010701
3366,1018010703
3367,1018010704
3368,1018010705
3369,1018010706
3370,1018010707
3371,1018010718
3372,1018010719
3373,1018010720
3374,1018010722
3375,1018010724
3376,1018010725
3377,1018010728
3378,1018010734
3379,1018010737
3380,1018010738
3381,1018010739
3382,1018010743
3383,1018010745
3384,1018010747
3385,1018010753
3386,1018010757
3387,1018010766
3388,1018010767
3389,1018010777
3390,1018010782
3391,1018010785
3392,1018010788
3393,1018010793
3394,1018010794
3395,1018010796
3396,1018010806
3397,1018010811
3398,1018010815
3399,1018010816
3400,1018010821
3401,1018010823
3402,1018010824
3403,1018010826
3404,1018010828
3405,1018010829
3406,1018010830
3407,1018010831
3408,1018010834
3409,1018010836
3410,1018010837
3411,1018010838
3412,1018010839
3413,1018010840
3414,1018010841
3415,1018010842
3416,1018010843
3417,1018010844
3418,1018010845
3419,1018010846
3420,1018010847
3421,1018010849
3422,1018010850
3423,1018010851
3424,1018010852
3425,1018010853
3426,1018010854
3427,1018010855
3428,1018010856
3429,1018010857
3430,1018010858
3431,1018010860
3432,1018010861
3433,1018010862
3434,1018010863
3435,1018010865
3436,1018010866
3437,1018010869
3438,1018010873
3439,1018010874
3440,1018010875
3441,1018010876
3442,1018010877
3443,1018010900
3444,1018010903
3445,1018010933
3446,1018010939
3447,1018010949
3448,1018010951
3449,1018010958
3450,1018010960
3451,1018010970
3452,1018010983
3453,1018010984
3454,1018010988
3455,1018010989
3456,1018010999
3457,1018011008
3458,1018011018
3459,1018011022
3460,1018011027
3461,1018011029
3462,1018011033
3463,1018011056
3464,1018011061
3465,1018011063
3466,1018011067
3467,1018011072
3468,1018011079
3469,1018011080
3470,1018011085
3471,1018011086
3472,1018011123
3473,1018011126
3474,1018011132
3475,1018011134
3476,1018011142
3477,1018011147
3478,1018011149
3479,1018011151
3480,1018011152
3481,1018011209
3482,1018011210
3483,1018011211
3484,1018011212
3485,1018011213
3486,1018011214
3487,1018011215
3488,1018011217
3489,1018011218
3490,1018011222
3491,1018011224
3492,1018011229
3493,1018011230
3494,1018011234
3495,1018011235
3496,1018011244
3497,1018011253
3498,1018011254
3499,1018011256
3500,1018011257
3501,1018011258
3502,1018011259
3503,1018011265
3504,1018011269
3505,1018011270
3506,1018011276
3507,1018011280
3508,1018011281
3509,1018011283
3510,1018011284
3511,1018011285
3512,1018011287
3513,1018011288
3514,1018011291
3515,1018011292
3516,1018011293
3517,1018011294
3518,1018011295
3519,1018011296
3520,1018011297
3521,1018011298
3522,1018011299
3523,1018011301
3524,1018011303
3525,1018011304
3526,1018011305
3527,1018011306
3528,1018011307
3529,1018011309
3530,1018011337
3531,1018011423
3532,1018011432
3533,1018011433
3534,1018011434
3535,1018011435
3536,1018011436
3537,1018011437
3538,1018011438
3539,1018011439
3540,1018011440
3541,1018011453
3542,1018011454
3543,1018011455
3544,1018011457
3545,1018011473
3546,1018011475
3547,1018011479
3548,1018011484
3549,1018011487
3550,1018011489
3551,1018011490
3552,1018011491
3553,1018011493
3554,1018011494
3555,1018011495
3556,1018011496
3557,1018011497
3558,1018011498
3559,1018011505
3560,1018011508
3561,1018011511
3562,1018011518
3563,1018011519
3564,1018011520
3565,1018011521
3566,1018011522
3567,1018011525
3568,1018011528
3569,1018011530
3570,1018011532
3571,1018011534
3572,1018011537
3573,1018011539
3574,1018011541
3575,1018011550
3576,1018011551
3577,1018011553
3578,1018011554
3579,1018011555
3580,1018011558
3581,1018011563
3582,1018011564
3583,1018011565
3584,1018011566
3585,1018011567
3586,1018011569
3587,1018011573
3588,1018011576
3589,1018011577
3590,1018011579
3591,1018011589
3592,1018011594
3593,1018011595
3594,1018011598
3595,1018011601
3596,1018011605
3597,1018011606
3598,1018011614
3599,1018011616
3600,1018011626
3601,1018011630
3602,1018011642
3603,1018011649
3604,1018011650
3605,1018011653
3606,1018011659
3607,1018011661
3608,1018011664
3609,1018011667
3610,1018011668
3611,1018011670
3612,1018011673
3613,1018011677
3614,1018011681
3615,1018011682
3616,1018011683
3617,1018011686
3618,1018011694
3619,1018011695
3620,1018011704
3621,1018011713
3622,1018011714
3623,1018011740
3624,1018011745
3625,1018011752
3626,1018011761
3627,1018011762
3628,1018011767
3629,1018011772
3630,1018011775
3631,1018011776
3632,1018011783
3633,1018011786
3634,1018011791
3635,1018011792
3636,1018011794
3637,1018011798
3638,1018011799
3639,1018011801
3640,1018011807
3641,1018011808
3642,1018011809
3643,1018011813
3644,1018011814
3645,1018011815
3646,1018011818
3647,1018011819
3648,1018011824
3649,1018011825
3650,1018011827
3651,1018011828
3652,1018011834
3653,1018011836
3654,1018011845
3655,1018011848
3656,1018011851
3657,1018011858
3658,1018011860
3659,1018011866
3660,1018011867
3661,1018011868
3662,1018011870
3663,1018011874
3664,1018011877
3665,1018011879
3666,1018011881
3667,1018011882
3668,1018011883
3669,1018011884
3670,1018011888
3671,1018011892
3672,1018011893
3673,1018011894
3674,1018011895
3675,1018011896
3676,1018011897
3677,1018011903
3678,1018011904
3679,1018011905
3680,1018011907
3681,1018011911
3682,1018011912
3683,1018011915
3684,1018011916
3685,1018011918
3686,1018011919
3687,1018011920
3688,1018011923
3689,1018011924
3690,1018011925
3691,1018011926
3692,1018011927
3693,1018011929
3694,1018011930
3695,1018011932
3696,1018011935
3697,1018011938
3698,1018011939
3699,1018011940
3700,1018011941
3701,1018011942
3702,1018011943
3703,1018011945
3704,1018011947
3705,1018011962
3706,1018012018
3707,1018012036
3708,1018012052
3709,1018012086
3710,1018012091
3711,1018012116
3712,1018012156
3713,1018012222
3714,1018012280
3715,1018012285
3716,1018012292
3717,1018012301
3718,1018012303
3719,1018012308
3720,1018012309
3721,1018012310
3722,1018012315
3723,1018012316
3724,1018012319
3725,1018012321
3726,1018012322
3727,1018012324
3728,1018012330
3729,1018012334
3730,1018012335
3731,1018012336
3732,1018012337
3733,1018012339
3734,1018012341
3735,1018012342
3736,1018012344
3737,1018012346
3738,1018012347
3739,1018012348
3740,1018012349
3741,1018012350
3742,1018012351
3743,1018012352
3744,1018012353
3745,1018012354
3746,1018012357
3747,1018012359
3748,1018012360
3749,1018012361
3750,1018012362
3751,1018012363
3752,1018012365
3753,1018012368
3754,1018012370
3755,1018012373
3756,1018012374
3757,1018012376
3758,1018012377
3759,1018012378
3760,1018012379
3761,1018012380
3762,1018012381
3763,1018012382
3764,1018012383
3765,1018012384
3766,1018012386
3767,1018012387
3768,1018012388
3769,1018012389
3770,1018012390
3771,1018012391
3772,1018012392
3773,1018012393
3774,1018012394
3775,1018012397
3776,1018012398
3777,1018012400
3778,1018012401
3779,1018012402
3780,1018012403
3781,1018012405
3782,1018012406
3783,1018012407
3784,1018012408
3785,1018012409
3786,1018012410
3787,1018012411
3788,1018012412
3789,1018012413
3790,1018012414
3791,1018012415
3792,1018012416
3793,1018012417
3794,1018012418
3795,1018012419
3796,1018012420
3797,1018012421
3798,1018012422
3799,1018012423
3800,1018012424
3801,1018012425
3802,1018012426
3803,1018012427
3804,1018012428
3805,1018012429
3806,1018012430
3807,1018012431
3808,1018012432
3809,1018012433
3810,1018012434
3811,1018012435
3812,1018012436
3813,1018012437
3814,1018012438
3815,1018012439
3816,1018012440
3817,1018012441
3818,1018012442
3819,1018012443
3820,1018012444
3821,1018012445
3822,1018012446
3823,1018012447
3824,1018012448
3825,1018012449
3826,1018012450
3827,1018012451
3828,1018012452
3829,1018012453
3830,1018012454
3831,1018012455
3832,1018012456
3833,1018012457
3834,1018012458
3835,1018012460
3836,1018012461
3837,1018012462
3838,1018012463
3839,1018012464
3840,1018012467
3841,1018012468
3842,1018012469
3843,1018012470
3844,1018012472
3845,1018012473
3846,1018012474
3847,1018012478
3848,1018012479
3849,1018012480
3850,1018012482
3851,1018012484
3852,1018012485
3853,1018012486
3854,1018012487
3855,1018012489
3856,1018012491
3857,1018012492
3858,1018012493
3859,1018012494
3860,1018012495
3861,1018012496
3862,1018012497
3863,1018012498
3864,1018012499
3865,1018012500
3866,1018012501
3867,1018012502
3868,1018012503
3869,1018012504
3870,1018012505
3871,1018012506
3872,1018012507
3873,1018012509
3874,1018012511
3875,1018012512
3876,1018012514
3877,1018012515
3878,1018012516
3879,1018012517
3880,1018012518
3881,1018012519
3882,1018012520
3883,1018012521
3884,1018012522
3885,1018012523
3886,1018012524
3887,1018012525
3888,1018012526
3889,1018012527
3890,1018012528
3891,1018012529
3892,1018012530
3893,1018012531
3894,1018012532
3895,1018012533
3896,1018012534
3897,1018012535
3898,1018012536
3899,1018012537
3900,1018012538
3901,1018012539
3902,1018012540
3903,1018012541
3904,1018012542
3905,1018012543
3906,1018012544
3907,1018012545
3908,1018012546
3909,1018012547
3910,1018012548
3911,1018012549
3912,1018012550
3913,1018012551
3914,1018012552
3915,1018012553
3916,1018012554
3917,1018012555
3918,1018012556
3919,1018012557
3920,1018012558
3921,1018012559
3922,1018012560
3923,1018012561
3924,1018012562
3925,1018012563
3926,1018012564
3927,1018012565
3928,1018012566
3929,1018012567
3930,1018012568
3931,1018012569
3932,1018012570
3933,1018012571
3934,1018012572
3935,1018012573
3936,1018012574
3937,1018012575
3938,1018012576
3939,1018012577
3940,1018012578
3941,1018012579
3942,1018012580
3943,1018012581
3944,1018012582
3945,1018012583
3946,1018012584
3947,1018012585
3948,1018012586
3949,1018012587
3950,1018012588
3951,1018012589
3952,1018012590
3953,1018012591
3954,1018012592
3955,1018012593
3956,1018012594
3957,1018012595
3958,1018012596
3959,1018012597
3960,1018012599
3961,1018012600
3962,1018012601
3963,1018012602
3964,1018012603
3965,1018012604
3966,1018012605
3967,1018012606
3968,1018012607
3969,1018012608
3970,1018012609
3971,1018012610
3972,1018012611
3973,1018012612
3974,1018012613
3975,1018012614
3976,1018012615
3977,1018012616
3978,1018012617
3979,1018012618
3980,1018012619
3981,1018012622
3982,1018012624
3983,1018012625
3984,1018012627
3985,1018012629
3986,1018012630
3987,1018012631
3988,1018012632
3989,1018012633
3990,1018012634
3991,1018012635
3992,1018012636
3993,1018012637
3994,1018012638
3995,1018012639
3996,1018012640
3997,1018012641
3998,1018012643
3999,1018012644
4000,1018012645
4001,1018012646
4002,1018012647
4003,1018012649
4004,1018012650
4005,1018012651
4006,1018012652
4007,1018012655
4008,1018012656
4009,1018012657
4010,1018012658
4011,1018012659
4012,1018012660
4013,1018012662
4014,1018012663
4015,1018012664
4016,1018012665
4017,1018012667
4018,1018012668
4019,1018012670
4020,1018012671
4021,1018012672
4022,1018012674
4023,1018012678
4024,1018012679
4025,1018012681
4026,1018012683
4027,1018012689
4028,1018012690
4029,1018012692
4030,1018012693
4031,1018012694
4032,1018012696
4033,1018012697
4034,1018012700
4035,1018012701
4036,1018012702
4037,1018012703
4038,1018012705
4039,1018012708
4040,1018012709
4041,1018012711
4042,1018012712
4043,1018012714
4044,1018012715
4045,1018012718
4046,1018012719
4047,1018012720
4048,1018012721
4049,1018012722
4050,1018012723
4051,1018012724
4052,1018012738
4053,1018012739
4054,1018012740
4055,1018012742
4056,1018012743
4057,1018012748
4058,1018012749
4059,1018012752
4060,1018012758
4061,1018012760
4062,1018012763
4063,1018012768
4064,1018012771
4065,1018012775
4066,1018012778
4067,1018012779
4068,1018012781
4069,1018012782
4070,1018012785
4071,1018012786
4072,1018012787
4073,1018012791
4074,1018012794
4075,1018012795
4076,1018012798
4077,1018012803
4078,1018012808
4079,1018012809
4080,1018012810
4081,1018012811
4082,1018012812
4083,1018012819
4084,1018012820
4085,1018012821
4086,1018012824
4087,1018012826
4088,1018012828
4089,1018012829
4090,1018012830
4091,1018012831
4092,1018012832
4093,1018012833
4094,1018012834
4095,1018012835
4096,1018012836
4097,1018012837
4098,1018012838
4099,1018012839
4100,1018012840
4101,1018012841
4102,1018012842
4103,1018012843
4104,1018012844
4105,1018012845
4106,1018012846
4107,1018012847
4108,1018012848
4109,1018012849
4110,1018012850
4111,1018012851
4112,1018012852
4113,1018012853
4114,1018012854
4115,1018012855
4116,1018012856
4117,1018012857
4118,1018012858
4119,1018012859
4120,1018012860
4121,1018012861
4122,1018012862
4123,1018012863
4124,1018012864
4125,1018012865
4126,1018012866
4127,1018012867
4128,1018012868
4129,1018012869
4130,1018012870
4131,1018012871
4132,1018012872
4133,1018012873
4134,1018012991
4135,1018013061
4136,1018013078
4137,1018014038
4138,1018014048
4139,1018014057
4140,1018014062
4141,1018014089
4142,1018014103
4143,1018014118
4144,1018014126
4145,1018014134
4146,1018014142
4147,1018014148
4148,1018014172
4149,1018014197
4150,1018014201
4151,1018014216
4152,1018014226
4153,1018014228
4154,1018014233
4155,1018014242
4156,1018014251
4157,1018014260
4158,1018014263
4159,1018014291
4160,1018014298
4161,1018014311
4162,1018014330
4163,1018014333
4164,1018014335
4165,1018014339
4166,1018014349
4167,1018014353
4168,1018014439
4169,1018014513
4170,1018014543
4171,1018014546
4172,1018014725
4173,1018014732
4174,1018014816
4175,1018014819
4176,1018014858
4177,1018014862
4178,1018014930
4179,1018014948
4180,1018014975
4181,1018014980
4182,1018015130
4183,1018015289
4184,1018015302
4185,1018015410
4186,1018015694
4187,1018016522
4188,1018016524
4189,1018016526
4190,1018016563
4191,1018016587
4192,1018016619
4193,1018017271
4194,1018017272
4195,1018017273
4196,1018017275
4197,1018017315
4198,1018017344
4199,1018017417
4200,1018017439
4201,1018017442
4202,1018017450
4203,1018017471
4204,1018017521
4205,1018017523
4206,1018017537
4207,1018017538
4208,1018017539
4209,1018017540
4210,1018017541
4211,1018017542
4212,1018017543
4213,1018017544
4214,1018017545
4215,1018017546
4216,1018017547
4217,1018017548
4218,1018017549
4219,1018017550
4220,1018017551
4221,1018017552
4222,1018017553
4223,1018017554
4224,1018017555
4225,1018017556
4226,1018017557
4227,1018017558
4228,1018017559
4229,1018017560
4230,1018017561
4231,1018017562
4232,1018017563
4233,1018017564
4234,1018017565
4235,1018017566
4236,1018017567
4237,1018017568
4238,1018017570
4239,1018017571
4240,1018017572
4241,1018017573
4242,1018017575
4243,1018017576
4244,1018017577
4245,1018017578
4246,1018017579
4247,1018017580
4248,1018017581
4249,1018017582
4250,1018017584
4251,1018017585
4252,1018017586
4253,1018017587
4254,1018017591
4255,1018017592
4256,1018017593
4257,1018017594
4258,1018017595
4259,1018017596
4260,1018017597
4261,1018017598
4262,1018017599
4263,1018017600
4264,1018017601
4265,1018017602
4266,1018017604
4267,1018017605
4268,1018017606
4269,1018017608
4270,1018017609
4271,1018017610
4272,1018017612
4273,1018017613
4274,1018017614
4275,1018017616
4276,1018017617
4277,1018017618
4278,1018017619
4279,1018017620
4280,1018017622
4281,1018017623
4282,1018017626
4283,1018017627
4284,1018017628
4285,1018017629
4286,1018017630
4287,1018017632
4288,1018017636
4289,1018017637
4290,1018017640
4291,1018017642
4292,1018017643
4293,1018017644
4294,1018017645
4295,1018017646
4296,1018017647
4297,1018017649
4298,1018017650
4299,1018017651
4300,1018017653
4301,1018017654
4302,1018017655
4303,1018017656
4304,1018017657
4305,1018017658
4306,1018017659
4307,1018017660
4308,1018017661
4309,1018017662
4310,1018017663
4311,1018017664
4312,1018017665
4313,1018017666
4314,1018017667
4315,1018017668
4316,1018017669
4317,1018017670
4318,1018017671
4319,1018017672
4320,1018017673
4321,1018017674
4322,1018017675
4323,1018017676
4324,1018017677
4325,1018017678
4326,1018017679
4327,1018017680
4328,1018017681
4329,1018017682
4330,1018017683
4331,1018017684
4332,1018017686
4333,1018017687
4334,1018017688
4335,1018017689
4336,1018017690
4337,1018017691
4338,1018017692
4339,1018017693
4340,1018017694
4341,1018017695
4342,1018017696
4343,1018017697
4344,1018017698
4345,1018017699
4346,1018017700
4347,1018017703
4348,1018017704
4349,1018017705
4350,1018017706
4351,1018017707
4352,1018017708
4353,1018017709
4354,1018017710
4355,1018017711
4356,1018017712
4357,1018017713
4358,1018017714
4359,1018017715
4360,1018017716
4361,1018017717
4362,1018017718
4363,1018017719
4364,1018017720
4365,1018017722
4366,1018017723
4367,1018017724
4368,1018017725
4369,1018017726
4370,1018017728
4371,1018017729
4372,1018017730
4373,1018017731
4374,1018017732
4375,1018017733
4376,1018017734
4377,1018017735
4378,1018017737
4379,1018017738
4380,1018017739
4381,1018017740
4382,1018017741
4383,1018017742
4384,1018017743
4385,1018017744
4386,1018017746
4387,1018017747
4388,1018017748
4389,1018017749
4390,1018017750
4391,1018017751
4392,1018017752
4393,1018017753
4394,1018017754
4395,1018017755
4396,1018017756
4397,1018017757
4398,1018017758
4399,1018017759
4400,1018017760
4401,1018017761
4402,1018017762
4403,1018017763
4404,1018017764
4405,1018017765
4406,1018017766
4407,1018017767
4408,1018017768
4409,1018017769
4410,1018017770
4411,1018017774
4412,1018017775
4413,1018017776
4414,1018017777
4415,1018017778
4416,1018017779
4417,1018017781
4418,1018017783
4419,1018017784
4420,1018017785
4421,1018017786
4422,1018017787
4423,1018017789
4424,1018017790
4425,1018017791
4426,1018017792
4427,1018017793
4428,1018017794
4429,1018017795
4430,1018017796
4431,1018017797
4432,1018017798
4433,1018017799
4434,1018017800
4435,1018017802
4436,1018017803
4437,1018017804
4438,1018017806
4439,1018017809
4440,1018017813
4441,1018017814
4442,1018017816
4443,1018017817
4444,1018017818
4445,1018017819
4446,1018017821
4447,1018017822
4448,1018017823
4449,1018017824
4450,1018017825
4451,1018017826
4452,1018017827
4453,1018017828
4454,1018017829
4455,1018017830
4456,1018017831
4457,1018017832
4458,1018017833
4459,1018017834
4460,1018017835
4461,1018017836
4462,1018017837
4463,1018017838
4464,1018017839
4465,1018017840
4466,1018017841
4467,1018017842
4468,1018017843
4469,1018017844
4470,1018017845
4471,1018017846
4472,1018017847
4473,1018017848
4474,1018017849
4475,1018017850
4476,1018017851
4477,1018017852
4478,1018017853
4479,1018017854
4480,1018017855
4481,1018017857
4482,1018017858
4483,1018017859
4484,1018017860
4485,1018017861
4486,1018017862
4487,1018017863
4488,1018017864
4489,1018017865
4490,1018017867
4491,1018017868
4492,1018017869
4493,1018017870
4494,1018017871
4495,1018017872
4496,1018017874
4497,1018017875
4498,1018017876
4499,1018017879
4500,1018017882
4501,1018017883
4502,1018017884
4503,1018017893
4504,1018017896
4505,1018017897
4506,1018017900
4507,1018017902
4508,1018017904
4509,1018017909
4510,1018017910
4511,1018017911
4512,1018017916
4513,1018017917
4514,1018017918
4515,1018017923
4516,1018017928
4517,1018017929
4518,1018017931
4519,1018017932
4520,1018017933
4521,1018017934
4522,1018017936
4523,1018017949
4524,1018017954
4525,1018017957
4526,1018017960
4527,1018017963
4528,1018017964
4529,1018017968
4530,1018017971
4531,1018017979
4532,1018017981
4533,1018017984
4534,1018017986
4535,1018017989
4536,1018017993
4537,1018017995
4538,1018017997
4539,1018018000
4540,1018018001
4541,1018018002
4542,1018018008
4543,1018018009
4544,1018018010
4545,1018018011
4546,1018018013
4547,1018018015
4548,1018018017
4549,1018018020
4550,1018018021
4551,1018019965
4552,1018019982
4553,1018019983
4554,1018020051
4555,1018020052
4556,1018020056
4557,1018020057
4558,1018020062
4559,1018020067
4560,1018020068
4561,1018020076
4562,1018020077
4563,1018020078
4564,1018020083
4565,1018020086
4566,1018020088
4567,1018020090
4568,1018020093
4569,1018020107
4570,1018020110
4571,1018020113
4572,1018020115
4573,1018020117
4574,1018020118
4575,1018020120
4576,1018020124
4577,1018020126
4578,1018020138
4579,1018020140
4580,1018020141
4581,1018020142
4582,1018020143
4583,1018020144
4584,1018020146
4585,1018020147
4586,1018020153
4587,1018020162
4588,1018020172
4589,1018020175
4590,1018020181
4591,1018020201
4592,1018020202
4593,1018020218
4594,1018020221
4595,1018020227
4596,1018020237
4597,1018020249
4598,1018020255
4599,1018020261
4600,1018020275
4601,1018020284
4602,1018020285
4603,1018020295
4604,1018020305
4605,1018020307
4606,1018020308
4607,1018026391
4608,1018026470
4609,1018026622
4610,1018026639
4611,1018026641
4612,1018026668
4613,1018026669
4614,1018026674
4615,1018026741
4616,1018026748
4617,1018026749
4618,1018026761
4619,1018026820
4620,1018026832
4621,1018026838
4622,1018027021
4623,1018027037
4624,1018027061
4625,1018027087
4626,1018027154
4627,1018027159
4628,1018027199
4629,1018027200
4630,1018027202
4631,1018027217
4632,1018027227
4633,1018027228
4634,1018027235
4635,1018027237
4636,1018027243
4637,1018027249
4638,1018027259
4639,1018027261
4640,1018027262
4641,1018027263
4642,1018027267
4643,1018027282
4644,1018027284
4645,1018027294
4646,1018027301
4647,1018027338
4648,1018027340
4649,1018027370
4650,1018027402
4651,1018027420
4652,1018027443
4653,1018027454
4654,1018027458
4655,1018027553
4656,1018027818
4657,1018027849
4658,1018027862
4659,1018027884
4660,1018027899
4661,1018027901
4662,1018027902
4663,1018027907
4664,1018027908
4665,1018027912
4666,1018027913
4667,1018027914
4668,1018027923
4669,1018027925
4670,1018027929
4671,1018027939
4672,1018027948
4673,1018027965
4674,1018027968
4675,1018027984
4676,1018027992
4677,1018027996
4678,1018028013
4679,1018028021
4680,1018028032
4681,1018028035
4682,1018028039
4683,1018028108
4684,1018028142
4685,1018028172
4686,1018028229
4687,1018028238
4688,1018028251
4689,1018028291
4690,1018028297
4691,1018028301
4692,1018028325
4693,1018028328
4694,1018028329
4695,1018028334
4696,1018028339
4697,1018028340
4698,1018028343
4699,1018028349
4700,1018028359
4701,1018028363
4702,1018028369
4703,1018028384
4704,1018028387
4705,1018028388
4706,1018028393
4707,1018028406
4708,1018028413
4709,1018028425
4710,1018028427
4711,1018028431
4712,1018028433
4713,1018028436
4714,1018028442
4715,1018028445
4716,1018028446
4717,1018028454
4718,1018028455
4719,1018028460
4720,1018028462
4721,1018028464
4722,1018028470
4723,1018028473
4724,1018028479
4725,1018028482
4726,1018028487
4727,1018028491
4728,1018028494
4729,1018028496
4730,1018028499
4731,1018028500
4732,1018028502
4733,1018028503
4734,1018028506
4735,1018028512
4736,1018028533
4737,1018028544
4738,1018028603
4739,1018028604
4740,1018028614
4741,1018028625
4742,1018028773
4743,1018028780
4744,1018028802
4745,1018028807
4746,1018028810
4747,1018028816
4748,1018028820
4749,1018028821
4750,1018028823
4751,1018028824
4752,1018028829
4753,1018028834
4754,1018028843
4755,1018028848
4756,1018028849
4757,1018028856
4758,1018028862
4759,1018028867
4760,1018028887
4761,1018029169
4762,1018029170
4763,1018029216
4764,1018029351
4765,1018029501
4766,1018029580
4767,1018029981
4768,1018029984
4769,1301000344
4770,1301000506
4771,1301000849
4772,1301000857
4773,1301000890
4774,1301000927
4775,1301001008
4776,1301001112
4777,1301001327
4778,1301001426
4779,1301001523
4780,1301001599
4781,1301002064
4782,1301002158
4783,1301002318
4784,1301002398
4785,1301002399
4786,1301002400
4787,1301002406
4788,1301002454
4789,1301002456
4790,1301002510
4791,1301002527
4792,1301002544
4793,1301002562
4794,1301002563
4795,1301002575
4796,1301002593
4797,1301002599
4798,1301009754
4799,1301009755
4800,1301009757
4801,1301009774
4802,1301009784
4803,1301009800
4804,1301009836
4805,1301009837
4806,1301009839
4807,1301009858
4808,1301009859
4809,1301009870
4810,1301009879
4811,1301009886
4812,1301009909
4813,1301009950
4814,1301009951
4815,1301009954
4816,1301009956
4817,1301010590
4818,1301010614
4819,1301010615
4820,1301010655
4821,1301010658
4822,1301010688
4823,1301010693
4824,1301010695
4825,1301010697
4826,1301010699
4827,1301010703
4828,1301010718
4829,1301010725
4830,1301010737
4831,1301010743
4832,1301010811
4833,1301010829
4834,1301010843
4835,1301010845
4836,1301010852
4837,1301010857
4838,1301011008
4839,1301011029
4840,1301011209
4841,1301011215
4842,1301011276
4843,1301011291
4844,1301011292
4845,1301011307
4846,1301011309
4847,1301011440
4848,1301011489
4849,1301011496
4850,1301011567
4851,1301011569
4852,1301011576
4853,1301011577
4854,1301011801
4855,1301011866
4856,1301012339
4857,1301012344
4858,1301012374
4859,1301012392
4860,1301014118
4861,1301014134
4862,1301016522
4863,1301017272
4864,1301017315
4865,1301017537
4866,1301017547
4867,1301017552
4868,1301017580
4869,1301017663
4870,1301017677
4871,1301020051
4872,1301020067
4873,1301020078
4874,1301020093
4875,1301020237
4876,1301020249
4877,1301026470
4878,1301026622
4879,1301026668
4880,1301027243
4881,1301027370
4882,1301027458
4883,1301027901
4884,1301027929
4885,1301027965
4886,1301027992
4887,1301028013
4888,1301028301
4889,1301028325
4890,1301028363
4891,1301028387
4892,1301028388
4893,1301028433
4894,1301028436
4895,1301028544
4896,1301028810
4897,1301028824
4898,1302000344
4899,1302000506
4900,1302000849
4901,1302000857
4902,1302000890
4903,1302000927
4904,1302001008
4905,1302001112
4906,1302001327
4907,1302001426
4908,1302001523
4909,1302001599
4910,1302002064
4911,1302002158
4912,1302002318
4913,1302002398
4914,1302002399
4915,1302002400
4916,1302002406
4917,1302002454
4918,1302002456
4919,1302002510
4920,1302002527
4921,1302002544
4922,1302002562
4923,1302002563
4924,1302002575
4925,1302002593
4926,1302002599
4927,1302009754
4928,1302009755
4929,1302009757
4930,1302009774
4931,1302009784
4932,1302009800
4933,1302009836
4934,1302009837
4935,1302009839
4936,1302009858
4937,1302009859
4938,1302009870
4939,1302009879
4940,1302009886
4941,1302009909
4942,1302009950
4943,1302009951
4944,1302009954
4945,1302009956
4946,1302010590
4947,1302010614
4948,1302010615
4949,1302010655
4950,1302010658
4951,1302010688
4952,1302010693
4953,1302010695
4954,1302010697
4955,1302010699
4956,1302010703
4957,1302010718
4958,1302010725
4959,1302010737
4960,1302010743
4961,1302010811
4962,1302010829
4963,1302010843
4964,1302010845
4965,1302010852
4966,1302010857
4967,1302011008
4968,1302011029
4969,1302011209
4970,1302011215
4971,1302011276
4972,1302011291
4973,1302011292
4974,1302011307
4975,1302011309
4976,1302011440
4977,1302011489
4978,1302011496
4979,1302011567
4980,1302011569
4981,1302011576
4982,1302011577
4983,1302011801
4984,1302011866
4985,1302012339
4986,1302012344
4987,1302012374
4988,1302012392
4989,1302014118
4990,1302014134
4991,1302016522
4992,1302017272
4993,1302017315
4994,1302017537
4995,1302017547
4996,1302017552
4997,1302017580
4998,1302017663
4999,1302017677
5000,1302020051
5001,1302020067
5002,1302020078
5003,1302020093
5004,1302020237
5005,1302020249
5006,1302026470
5007,1302026622
5008,1302026668
5009,1302027243
5010,1302027370
5011,1302027458
5012,1302027901
5013,1302027929
5014,1302027965
5015,1302027992
5016,1302028013
5017,1302028301
5018,1302028325
5019,1302028363
5020,1302028387
5021,1302028388
5022,1302028433
5023,1302028436
5024,1302028544
5025,1302028810
5026,1302028824
5027,1303000344
5028,1303000506
5029,1303000849
5030,1303000857
5031,1303000890
5032,1303000927
5033,1303001008
5034,1303001112
5035,1303001327
5036,1303001426
5037,1303001523
5038,1303001599
5039,1303002064
5040,1303002158
5041,1303002318
5042,1303002398
5043,1303002399
5044,1303002400
5045,1303002406
5046,1303002454
5047,1303002456
5048,1303002510
5049,1303002527
5050,1303002544
5051,1303002562
5052,1303002563
5053,1303002575
5054,1303002593
5055,1303002599
5056,1303009754
5057,1303009755
5058,1303009757
5059,1303009774
5060,1303009784
5061,1303009800
5062,1303009836
5063,1303009837
5064,1303009839
5065,1303009858
5066,1303009859
5067,1303009870
5068,1303009879
5069,1303009886
5070,1303009909
5071,1303009950
5072,1303009951
5073,1303009954
5074,1303009956
5075,1303010590
5076,1303010614
5077,1303010615
5078,1303010655
5079,1303010658
5080,1303010688
5081,1303010693
5082,1303010695
5083,1303010697
5084,1303010699
5085,1303010703
5086,1303010718
5087,1303010725
5088,1303010737
5089,1303010743
5090,1303010811
5091,1303010829
5092,1303010843
5093,1303010845
5094,1303010852
5095,1303010857
5096,1303011008
5097,1303011029
5098,1303011209
5099,1303011215
5100,1303011276
5101,1303011291
5102,1303011292
5103,1303011307
5104,1303011309
5105,1303011440
5106,1303011489
5107,1303011496
5108,1303011567
5109,1303011569
5110,1303011576
5111,1303011577
5112,1303011801
5113,1303011866
5114,1303012339
5115,1303012344
5116,1303012374
5117,1303012392
5118,1303014118
5119,1303014134
5120,1303016522
5121,1303017272
5122,1303017315
5123,1303017537
5124,1303017547
5125,1303017552
5126,1303017580
5127,1303017663
5128,1303017677
5129,1303020051
5130,1303020067
5131,1303020078
5132,1303020093
5133,1303020237
5134,1303020249
5135,1303026470
5136,1303026622
5137,1303026668
5138,1303027243
5139,1303027370
5140,1303027458
5141,1303027901
5142,1303027929
5143,1303027965
5144,1303027992
5145,1303028013
5146,1303028301
5147,1303028325
5148,1303028363
5149,1303028387
5150,1303028388
5151,1303028433
5152,1303028436
5153,1303028544
5154,1303028810
5155,1303028824
5156,1304000506
5157,1304000849
5158,1304000857
5159,1304000890
5160,1304000927
5161,1304001008
5162,1304001112
5163,1304001327
5164,1304001426
5165,1304001523
5166,1304001599
5167,1304002318
5168,1304002398
5169,1304002399
5170,1304002400
5171,1304002454
5172,1304002456
5173,1304002510
5174,1304002527
5175,1304002544
5176,1304002562
5177,1304002563
5178,1304002575
5179,1304002593
5180,1304002599
5181,1304009754
5182,1304009755
5183,1304009757
5184,1304009774
5185,1304009836
5186,1304009837
5187,1304009839
5188,1304009859
5189,1304009870
5190,1304009886
5191,1304009909
5192,1304009950
5193,1304009951
5194,1304009956
5195,1304010614
5196,1304010615
5197,1304010655
5198,1304010658
5199,1304010688
5200,1304010693
5201,1304010695
5202,1304010697
5203,1304010699
5204,1304010703
5205,1304010718
5206,1304010725
5207,1304010737
5208,1304010743
5209,1304010811
5210,1304010843
5211,1304010845
5212,1304010857
5213,1304011029
5214,1304011209
5215,1304011215
5216,1304011276
5217,1304011307
5218,1304011309
5219,1304011440
5220,1304011489
5221,1304011496
5222,1304011567
5223,1304011576
5224,1304011577
5225,1304011866
5226,1304012339
5227,1304012374
5228,1304012392
5229,1304014118
5230,1304014134
5231,1304016522
5232,1304017272
5233,1304017315
5234,1304017537
5235,1304017547
5236,1304017552
5237,1304017580
5238,1304017663
5239,1304017677
5240,1304020051
5241,1304020067
5242,1304020078
5243,1304020093
5244,1304020237
5245,1304026470
5246,1304026622
5247,1304026668
5248,1304027243
5249,1304027370
5250,1304027458
5251,1304027929
5252,1304027965
5253,1304027992
5254,1304028013
5255,1304028363
5256,1304028387
5257,1304028433
5258,1304028436
5259,1304028544
5260,1304028810
5261,1305000849
5262,1305000857
5263,1305000890
5264,1305001112
5265,1305001426
5266,1305001523
5267,1305002064
5268,1305002399
5269,1305002599
5270,1305009755
5271,1305009839
5272,1305010615
5273,1305010697
5274,1305011209
5275,1305011440
5276,1305011576
5277,1305016522
5278,1305017315
5279,1305017663
5280,1305017677
5281,1305027965
5282,1306002399
5283,1595025123
5284,1595025506
