,ACC,AGI,AWR,BCV,BKS,Blanket Coverage,CAR,CIT,CTH,ELU,FNM,Go Deep,IMP,INJ,JKM,JMP,KAC,KPW,KR,MCV,Move the Sticks,PAC,PBK,POW,PRC,PRS,PUR,PWM,Physical Front,Pick Specialist,Playmaker,Pound the Rock,RBK,RLS,RTE,Read and React,SFA,SPC,SPD,SPM,STA,STR,Secure Tackler,TAD,TAK,TAM,TAS,THP,TOR,TRK,Toughness,ZCV,id,ovr,player,pos,size
0,95.0,95.0,88.0,90.0,31.0,0.0,80.0,25.0,74.0,95.0,10.0,0.0,25.0,90.0,95.0,95.0,25.0,25.0,50.0,18.0,0.0,83.0,20.0,12.0,25.0,10.0,40.0,10.0,0.0,0.0,0.0,0.0,26.0,45.0,35.0,0.0,68.0,45.0,94.0,93.0,98.0,62.0,0.0,91.0,38.0,88.0,86.0,95.0,97.0,52.0,1.0,16.0,32001.0,97.0,Mike Vick,QB,"Ht: 6' 0"" Wt: 215"
1,95.0,95.0,88.0,90.0,31.0,0.0,80.0,25.0,74.0,95.0,10.0,1.0,25.0,90.0,95.0,95.0,25.0,25.0,50.0,18.0,0.0,83.0,20.0,12.0,25.0,10.0,40.0,10.0,0.0,0.0,0.0,0.0,26.0,45.0,35.0,0.0,68.0,45.0,94.0,93.0,98.0,62.0,0.0,91.0,38.0,88.0,86.0,95.0,97.0,52.0,0.0,16.0,32002.0,97.0,Mike Vick,QB,"Ht: 6' 0"" Wt: 215"
2,95.0,95.0,88.0,90.0,31.0,0.0,80.0,25.0,74.0,95.0,10.0,0.0,25.0,90.0,95.0,95.0,25.0,25.0,50.0,18.0,1.0,83.0,20.0,12.0,25.0,10.0,40.0,10.0,0.0,0.0,0.0,0.0,26.0,45.0,35.0,0.0,68.0,45.0,94.0,93.0,98.0,62.0,0.0,91.0,38.0,88.0,86.0,95.0,97.0,52.0,0.0,16.0,32003.0,97.0,Mike Vick,QB,"Ht: 6' 0"" Wt: 215"
3,95.0,95.0,88.0,90.0,31.0,0.0,80.0,25.0,74.0,95.0,10.0,0.0,25.0,90.0,95.0,95.0,25.0,25.0,50.0,18.0,0.0,83.0,20.0,12.0,25.0,10.0,40.0,10.0,0.0,0.0,0.0,1.0,26.0,45.0,35.0,0.0,68.0,45.0,94.0,93.0,98.0,62.0,0.0,91.0,38.0,88.0,86.0,95.0,97.0,52.0,0.0,16.0,32004.0,97.0,Mike Vick,QB,"Ht: 6' 0"" Wt: 215"
4,94.0,94.0,83.0,88.0,31.0,0.0,78.0,25.0,71.0,93.0,10.0,0.0,25.0,88.0,92.0,93.0,25.0,25.0,47.0,18.0,0.0,80.0,20.0,12.0,25.0,10.0,40.0,10.0,0.0,0.0,0.0,1.0,26.0,45.0,35.0,0.0,65.0,45.0,92.0,90.0,96.0,60.0,0.0,87.0,36.0,85.0,82.0,93.0,94.0,50.0,0.0,16.0,32005.0,94.0,Mike Vick,QB,"Ht: 6' 0"" Wt: 215"
5,90.0,90.0,85.0,85.0,31.0,0.0,75.0,25.0,69.0,90.0,10.0,0.0,25.0,86.0,89.0,91.0,25.0,25.0,44.0,18.0,1.0,82.0,20.0,12.0,25.0,10.0,40.0,10.0,0.0,0.0,0.0,0.0,26.0,45.0,35.0,0.0,62.0,45.0,89.0,87.0,94.0,59.0,0.0,88.0,35.0,86.0,83.0,91.0,90.0,47.0,0.0,16.0,32006.0,93.0,Mike Vick,QB,"Ht: 6' 0"" Wt: 215"
6,93.0,93.0,78.0,87.0,31.0,0.0,73.0,25.0,67.0,92.0,10.0,1.0,25.0,85.0,91.0,92.0,25.0,25.0,46.0,18.0,0.0,77.0,20.0,12.0,25.0,10.0,40.0,10.0,0.0,0.0,0.0,0.0,26.0,45.0,35.0,0.0,64.0,45.0,91.0,89.0,92.0,58.0,0.0,83.0,34.0,81.0,78.0,92.0,92.0,49.0,0.0,16.0,32007.0,91.0,Mike Vick,QB,"Ht: 6' 0"" Wt: 215"
7,87.0,87.0,85.0,83.0,31.0,0.0,72.0,25.0,68.0,87.0,10.0,0.0,25.0,84.0,87.0,88.0,25.0,25.0,42.0,18.0,0.0,79.0,20.0,12.0,25.0,10.0,40.0,10.0,0.0,0.0,0.0,0.0,26.0,45.0,35.0,0.0,60.0,45.0,86.0,85.0,90.0,57.0,0.0,85.0,33.0,83.0,80.0,88.0,86.0,45.0,1.0,16.0,32008.0,90.0,Mike Vick,QB,"Ht: 6' 0"" Wt: 215"
8,92.0,92.0,74.0,86.0,31.0,0.0,70.0,25.0,65.0,91.0,10.0,0.0,25.0,83.0,90.0,91.0,25.0,25.0,45.0,18.0,0.0,70.0,20.0,12.0,25.0,10.0,40.0,10.0,0.0,0.0,0.0,1.0,26.0,45.0,35.0,0.0,63.0,45.0,91.0,88.0,88.0,56.0,0.0,79.0,33.0,77.0,74.0,91.0,90.0,48.0,0.0,16.0,32009.0,88.0,Mike Vick,QB,"Ht: 6' 0"" Wt: 215"
9,96.0,88.0,95.0,96.0,30.0,0.0,98.0,71.0,76.0,89.0,25.0,0.0,70.0,94.0,93.0,80.0,20.0,20.0,25.0,30.0,0.0,41.0,80.0,56.0,20.0,10.0,30.0,25.0,0.0,0.0,0.0,0.0,66.0,72.0,73.0,0.0,97.0,56.0,92.0,88.0,97.0,96.0,0.0,33.0,60.0,52.0,55.0,58.0,62.0,97.0,1.0,25.0,32010.0,97.0,Jerome Bettis,HB,"Ht: 5' 11"" Wt: 256"
10,96.0,88.0,95.0,96.0,30.0,0.0,98.0,71.0,76.0,89.0,25.0,1.0,70.0,94.0,93.0,80.0,20.0,20.0,25.0,30.0,0.0,41.0,80.0,56.0,20.0,10.0,30.0,25.0,0.0,0.0,0.0,0.0,66.0,72.0,73.0,0.0,97.0,56.0,92.0,88.0,97.0,96.0,0.0,33.0,60.0,52.0,55.0,58.0,62.0,97.0,0.0,25.0,32011.0,97.0,Jerome Bettis,HB,"Ht: 5' 11"" Wt: 256"
11,96.0,88.0,95.0,96.0,30.0,0.0,98.0,71.0,76.0,89.0,25.0,0.0,70.0,94.0,93.0,80.0,20.0,20.0,25.0,30.0,1.0,41.0,80.0,56.0,20.0,10.0,30.0,25.0,0.0,0.0,0.0,0.0,66.0,72.0,73.0,0.0,97.0,56.0,92.0,88.0,97.0,96.0,0.0,33.0,60.0,52.0,55.0,58.0,62.0,97.0,0.0,25.0,32012.0,97.0,Jerome Bettis,HB,"Ht: 5' 11"" Wt: 256"
12,96.0,88.0,95.0,96.0,30.0,0.0,98.0,71.0,76.0,89.0,25.0,0.0,70.0,94.0,93.0,80.0,20.0,20.0,25.0,30.0,0.0,41.0,80.0,56.0,20.0,10.0,30.0,25.0,0.0,0.0,0.0,1.0,66.0,72.0,73.0,0.0,97.0,56.0,92.0,88.0,97.0,96.0,0.0,33.0,60.0,52.0,55.0,58.0,62.0,97.0,0.0,25.0,32013.0,97.0,Jerome Bettis,HB,"Ht: 5' 11"" Wt: 256"
13,94.0,86.0,93.0,94.0,30.0,0.0,95.0,68.0,73.0,86.0,25.0,0.0,68.0,92.0,90.0,77.0,20.0,20.0,24.0,30.0,0.0,41.0,78.0,56.0,20.0,10.0,30.0,25.0,0.0,0.0,0.0,1.0,64.0,69.0,70.0,0.0,94.0,53.0,90.0,84.0,95.0,93.0,0.0,33.0,58.0,52.0,55.0,58.0,62.0,94.0,0.0,25.0,32014.0,94.0,Jerome Bettis,HB,"Ht: 5' 11"" Wt: 256"
14,94.0,86.0,92.0,93.0,30.0,0.0,94.0,67.0,72.0,85.0,25.0,0.0,67.0,90.0,89.0,77.0,20.0,20.0,23.0,30.0,0.0,41.0,77.0,56.0,20.0,10.0,30.0,25.0,0.0,0.0,0.0,0.0,63.0,68.0,69.0,0.0,93.0,52.0,90.0,83.0,93.0,92.0,0.0,33.0,57.0,52.0,55.0,58.0,62.0,93.0,1.0,25.0,32015.0,93.0,Jerome Bettis,HB,"Ht: 5' 11"" Wt: 256"
15,95.0,87.0,87.0,86.0,30.0,0.0,90.0,62.0,67.0,88.0,25.0,0.0,62.0,88.0,91.0,79.0,20.0,20.0,24.0,30.0,1.0,41.0,72.0,56.0,20.0,10.0,30.0,25.0,0.0,0.0,0.0,0.0,58.0,63.0,64.0,0.0,88.0,47.0,91.0,86.0,91.0,89.0,0.0,33.0,54.0,52.0,55.0,58.0,62.0,89.0,0.0,25.0,32016.0,91.0,Jerome Bettis,HB,"Ht: 5' 11"" Wt: 256"
16,91.0,81.0,94.0,91.0,30.0,0.0,92.0,65.0,70.0,81.0,25.0,1.0,65.0,86.0,86.0,75.0,20.0,20.0,21.0,30.0,0.0,41.0,75.0,56.0,20.0,10.0,30.0,25.0,0.0,0.0,0.0,0.0,61.0,66.0,67.0,0.0,91.0,50.0,86.0,80.0,89.0,91.0,0.0,33.0,56.0,52.0,55.0,58.0,62.0,91.0,0.0,25.0,32017.0,90.0,Jerome Bettis,HB,"Ht: 5' 11"" Wt: 256"
17,87.0,77.0,95.0,89.0,30.0,0.0,90.0,64.0,69.0,76.0,25.0,0.0,63.0,84.0,83.0,72.0,20.0,20.0,19.0,30.0,0.0,41.0,73.0,56.0,20.0,10.0,30.0,25.0,0.0,0.0,0.0,1.0,59.0,65.0,66.0,0.0,89.0,49.0,82.0,77.0,87.0,90.0,0.0,33.0,55.0,52.0,55.0,58.0,62.0,89.0,0.0,25.0,32018.0,88.0,Jerome Bettis,HB,"Ht: 5' 11"" Wt: 256"
18,96.0,93.0,93.0,88.0,30.0,0.0,80.0,91.0,95.0,93.0,20.0,0.0,59.0,94.0,93.0,94.0,60.0,72.0,72.0,20.0,0.0,15.0,43.0,15.0,30.0,15.0,58.0,20.0,0.0,0.0,1.0,0.0,72.0,96.0,97.0,0.0,60.0,95.0,94.0,89.0,96.0,63.0,0.0,15.0,30.0,20.0,20.0,20.0,15.0,67.0,1.0,20.0,32019.0,97.0,Chad Johnson,WR,"Ht: 6' 1"" Wt: 192"
19,96.0,93.0,93.0,88.0,30.0,0.0,80.0,91.0,95.0,93.0,20.0,1.0,59.0,94.0,93.0,94.0,60.0,72.0,72.0,20.0,0.0,15.0,43.0,15.0,30.0,15.0,58.0,20.0,0.0,0.0,1.0,0.0,72.0,96.0,97.0,0.0,60.0,95.0,94.0,89.0,96.0,63.0,0.0,15.0,30.0,20.0,20.0,20.0,15.0,67.0,0.0,20.0,32020.0,97.0,Chad Johnson,WR,"Ht: 6' 1"" Wt: 192"
20,96.0,93.0,93.0,88.0,30.0,0.0,80.0,91.0,95.0,93.0,20.0,0.0,59.0,94.0,93.0,94.0,60.0,72.0,72.0,20.0,1.0,15.0,43.0,15.0,30.0,15.0,58.0,20.0,0.0,0.0,1.0,0.0,72.0,96.0,97.0,0.0,60.0,95.0,94.0,89.0,96.0,63.0,0.0,15.0,30.0,20.0,20.0,20.0,15.0,67.0,0.0,20.0,32021.0,97.0,Chad Johnson,WR,"Ht: 6' 1"" Wt: 192"
21,96.0,93.0,93.0,88.0,30.0,0.0,80.0,91.0,95.0,93.0,20.0,0.0,59.0,94.0,93.0,94.0,60.0,72.0,72.0,20.0,0.0,15.0,43.0,15.0,30.0,15.0,58.0,20.0,0.0,0.0,1.0,1.0,72.0,96.0,97.0,0.0,60.0,95.0,94.0,89.0,96.0,63.0,0.0,15.0,30.0,20.0,20.0,20.0,15.0,67.0,0.0,20.0,32022.0,97.0,Chad Johnson,WR,"Ht: 6' 1"" Wt: 192"
22,92.0,88.0,90.0,86.0,30.0,0.0,78.0,90.0,93.0,90.0,20.0,0.0,57.0,92.0,90.0,91.0,60.0,72.0,69.0,20.0,1.0,15.0,41.0,15.0,30.0,15.0,58.0,20.0,0.0,0.0,1.0,0.0,70.0,94.0,95.0,0.0,58.0,93.0,91.0,86.0,94.0,61.0,0.0,15.0,27.0,20.0,20.0,20.0,15.0,66.0,0.0,20.0,32023.0,94.0,Chad Johnson,WR,"Ht: 6' 1"" Wt: 192"
23,91.0,87.0,91.0,85.0,30.0,0.0,77.0,89.0,92.0,89.0,20.0,1.0,56.0,90.0,89.0,90.0,60.0,72.0,68.0,20.0,0.0,15.0,40.0,15.0,30.0,15.0,58.0,20.0,0.0,0.0,1.0,0.0,69.0,93.0,94.0,0.0,57.0,92.0,90.0,85.0,92.0,60.0,0.0,15.0,27.0,20.0,20.0,20.0,15.0,65.0,0.0,20.0,32024.0,93.0,Chad Johnson,WR,"Ht: 6' 1"" Wt: 192"
24,93.0,89.0,87.0,82.0,30.0,0.0,74.0,85.0,88.0,92.0,20.0,0.0,54.0,88.0,92.0,92.0,60.0,72.0,71.0,20.0,0.0,15.0,36.0,15.0,30.0,15.0,58.0,20.0,0.0,0.0,1.0,1.0,65.0,85.0,90.0,0.0,55.0,88.0,92.0,88.0,90.0,57.0,0.0,15.0,27.0,20.0,20.0,20.0,15.0,63.0,0.0,20.0,32025.0,91.0,Chad Johnson,WR,"Ht: 6' 1"" Wt: 192"
25,89.0,85.0,92.0,83.0,30.0,0.0,75.0,88.0,90.0,85.0,20.0,0.0,55.0,86.0,85.0,86.0,60.0,72.0,64.0,20.0,0.0,15.0,39.0,15.0,30.0,15.0,58.0,20.0,0.0,0.0,1.0,0.0,68.0,87.0,89.0,0.0,56.0,89.0,87.0,82.0,88.0,58.0,0.0,15.0,27.0,20.0,20.0,20.0,15.0,64.0,1.0,20.0,32026.0,90.0,Chad Johnson,WR,"Ht: 6' 1"" Wt: 192"
26,92.0,88.0,83.0,80.0,30.0,0.0,71.0,82.0,85.0,91.0,20.0,0.0,53.0,84.0,91.0,91.0,60.0,72.0,70.0,20.0,1.0,15.0,34.0,15.0,30.0,15.0,58.0,20.0,0.0,0.0,1.0,0.0,62.0,83.0,87.0,0.0,54.0,84.0,91.0,87.0,86.0,54.0,0.0,15.0,27.0,20.0,20.0,20.0,15.0,60.0,0.0,20.0,32027.0,88.0,Chad Johnson,WR,"Ht: 6' 1"" Wt: 192"
27,79.0,71.0,95.0,14.0,17.0,0.0,45.0,15.0,35.0,15.0,10.0,0.0,96.0,97.0,10.0,55.0,35.0,32.0,10.0,17.0,0.0,,95.0,20.0,20.0,10.0,12.0,25.0,0.0,0.0,0.0,0.0,98.0,15.0,15.0,0.0,56.0,15.0,70.0,10.0,94.0,96.0,0.0,,30.0,,,25.0,,68.0,1.0,18.0,32028.0,97.0,Larry Allen,LG,"Ht: 6' 3"" Wt: 335"
28,79.0,71.0,95.0,14.0,17.0,0.0,45.0,15.0,35.0,15.0,10.0,1.0,96.0,97.0,10.0,55.0,35.0,32.0,10.0,17.0,0.0,,95.0,20.0,20.0,10.0,12.0,25.0,0.0,0.0,0.0,0.0,98.0,15.0,15.0,0.0,56.0,15.0,70.0,10.0,94.0,96.0,0.0,,30.0,,,25.0,,68.0,0.0,18.0,32029.0,97.0,Larry Allen,LG,"Ht: 6' 3"" Wt: 335"
29,79.0,71.0,95.0,14.0,17.0,0.0,45.0,15.0,35.0,15.0,10.0,0.0,96.0,97.0,10.0,55.0,35.0,32.0,10.0,17.0,1.0,,95.0,20.0,20.0,10.0,12.0,25.0,0.0,0.0,0.0,0.0,98.0,15.0,15.0,0.0,56.0,15.0,70.0,10.0,94.0,96.0,0.0,,30.0,,,25.0,,68.0,0.0,18.0,32030.0,97.0,Larry Allen,LG,"Ht: 6' 3"" Wt: 335"
30,79.0,71.0,95.0,14.0,17.0,0.0,45.0,15.0,35.0,15.0,10.0,0.0,96.0,97.0,10.0,55.0,35.0,32.0,10.0,17.0,0.0,,95.0,20.0,20.0,10.0,12.0,25.0,0.0,0.0,0.0,1.0,98.0,15.0,15.0,0.0,56.0,15.0,70.0,10.0,94.0,96.0,0.0,,30.0,,,25.0,,68.0,0.0,18.0,32031.0,97.0,Larry Allen,LG,"Ht: 6' 3"" Wt: 335"
31,76.0,68.0,92.0,14.0,17.0,0.0,45.0,15.0,35.0,15.0,10.0,0.0,94.0,95.0,10.0,55.0,35.0,32.0,10.0,17.0,0.0,,92.0,20.0,20.0,10.0,12.0,25.0,0.0,0.0,0.0,0.0,94.0,15.0,15.0,0.0,56.0,15.0,67.0,10.0,92.0,94.0,0.0,,30.0,,,25.0,,68.0,1.0,18.0,32032.0,94.0,Larry Allen,LG,"Ht: 6' 3"" Wt: 335"
32,76.0,68.0,90.0,14.0,17.0,0.0,45.0,15.0,35.0,15.0,10.0,0.0,93.0,93.0,10.0,55.0,35.0,32.0,10.0,17.0,1.0,,91.0,20.0,20.0,10.0,12.0,25.0,0.0,0.0,0.0,0.0,93.0,15.0,15.0,0.0,56.0,15.0,67.0,10.0,90.0,92.0,0.0,,30.0,,,25.0,,68.0,0.0,18.0,32033.0,93.0,Larry Allen,LT,"Ht: 6' 3"" Wt: 335"
33,77.0,69.0,88.0,14.0,17.0,0.0,45.0,15.0,35.0,15.0,10.0,0.0,91.0,91.0,10.0,55.0,35.0,32.0,10.0,17.0,0.0,,89.0,20.0,20.0,10.0,12.0,25.0,0.0,0.0,0.0,1.0,91.0,15.0,15.0,0.0,56.0,15.0,68.0,10.0,88.0,90.0,0.0,,30.0,,,25.0,,68.0,0.0,18.0,32034.0,91.0,Larry Allen,RG,"Ht: 6' 3"" Wt: 335"
34,74.0,66.0,93.0,14.0,17.0,0.0,45.0,15.0,35.0,15.0,10.0,1.0,88.0,89.0,10.0,55.0,35.0,32.0,10.0,17.0,0.0,,88.0,20.0,20.0,10.0,12.0,25.0,0.0,0.0,0.0,0.0,88.0,15.0,15.0,0.0,56.0,15.0,65.0,10.0,86.0,91.0,0.0,,30.0,,,25.0,,68.0,0.0,18.0,32035.0,90.0,Larry Allen,LG,"Ht: 6' 3"" Wt: 335"
35,77.0,69.0,85.0,14.0,17.0,0.0,45.0,15.0,35.0,15.0,10.0,0.0,90.0,87.0,10.0,55.0,35.0,32.0,10.0,17.0,0.0,,83.0,20.0,20.0,10.0,12.0,25.0,0.0,0.0,0.0,0.0,89.0,15.0,15.0,0.0,56.0,15.0,68.0,10.0,84.0,88.0,0.0,,30.0,,,25.0,,68.0,1.0,18.0,32036.0,88.0,Larry Allen,RT,"Ht: 6' 3"" Wt: 335"
36,76.0,72.0,96.0,38.0,40.0,0.0,46.0,35.0,42.0,40.0,30.0,0.0,91.0,98.0,22.0,77.0,20.0,22.0,15.0,12.0,0.0,15.0,97.0,40.0,30.0,10.0,50.0,35.0,0.0,0.0,0.0,0.0,96.0,35.0,28.0,0.0,42.0,25.0,70.0,23.0,97.0,94.0,0.0,15.0,48.0,15.0,15.0,25.0,15.0,43.0,1.0,15.0,32037.0,97.0,Bruce Matthews,C,"Ht: 6' 5"" Wt: 305"
37,76.0,72.0,96.0,38.0,40.0,0.0,46.0,35.0,42.0,40.0,30.0,1.0,91.0,98.0,22.0,77.0,20.0,22.0,15.0,12.0,0.0,15.0,97.0,40.0,30.0,10.0,50.0,35.0,0.0,0.0,0.0,0.0,96.0,35.0,28.0,0.0,42.0,25.0,70.0,23.0,97.0,94.0,0.0,15.0,48.0,15.0,15.0,25.0,15.0,43.0,0.0,15.0,32038.0,97.0,Bruce Matthews,C,"Ht: 6' 5"" Wt: 305"
38,76.0,72.0,96.0,38.0,40.0,0.0,46.0,35.0,42.0,40.0,30.0,0.0,91.0,98.0,22.0,77.0,20.0,22.0,15.0,12.0,1.0,15.0,97.0,40.0,30.0,10.0,50.0,35.0,0.0,0.0,0.0,0.0,96.0,35.0,28.0,0.0,42.0,25.0,70.0,23.0,97.0,94.0,0.0,15.0,48.0,15.0,15.0,25.0,15.0,43.0,0.0,15.0,32039.0,97.0,Bruce Matthews,C,"Ht: 6' 5"" Wt: 305"
39,76.0,72.0,96.0,38.0,40.0,0.0,46.0,35.0,42.0,40.0,30.0,0.0,91.0,98.0,22.0,77.0,20.0,22.0,15.0,12.0,0.0,15.0,97.0,40.0,30.0,10.0,50.0,35.0,0.0,0.0,0.0,1.0,96.0,35.0,28.0,0.0,42.0,25.0,70.0,23.0,97.0,94.0,0.0,15.0,48.0,15.0,15.0,25.0,15.0,43.0,0.0,15.0,32040.0,97.0,Bruce Matthews,C,"Ht: 6' 5"" Wt: 305"
40,73.0,69.0,93.0,38.0,40.0,0.0,46.0,35.0,42.0,40.0,30.0,1.0,88.0,96.0,22.0,75.0,20.0,22.0,15.0,12.0,0.0,15.0,94.0,40.0,30.0,10.0,50.0,35.0,0.0,0.0,0.0,0.0,93.0,35.0,28.0,0.0,42.0,25.0,67.0,23.0,95.0,92.0,0.0,15.0,48.0,15.0,15.0,25.0,15.0,43.0,0.0,15.0,32041.0,94.0,Bruce Matthews,C,"Ht: 6' 5"" Wt: 305"
41,72.0,68.0,95.0,38.0,40.0,0.0,46.0,35.0,42.0,40.0,30.0,0.0,86.0,94.0,22.0,74.0,20.0,22.0,15.0,12.0,0.0,15.0,93.0,40.0,30.0,10.0,50.0,35.0,0.0,0.0,0.0,1.0,92.0,35.0,28.0,0.0,42.0,25.0,66.0,23.0,93.0,91.0,0.0,15.0,48.0,15.0,15.0,25.0,15.0,43.0,0.0,15.0,32042.0,93.0,Bruce Matthews,LG,"Ht: 6' 5"" Wt: 305"
42,70.0,66.0,97.0,38.0,40.0,0.0,46.0,35.0,42.0,40.0,30.0,0.0,84.0,92.0,22.0,73.0,20.0,22.0,15.0,12.0,0.0,15.0,92.0,40.0,30.0,10.0,50.0,35.0,0.0,0.0,0.0,0.0,90.0,35.0,28.0,0.0,42.0,25.0,64.0,23.0,91.0,89.0,0.0,15.0,48.0,15.0,15.0,25.0,15.0,43.0,1.0,15.0,32043.0,91.0,Bruce Matthews,LG,"Ht: 6' 5"" Wt: 305"
43,75.0,71.0,87.0,38.0,40.0,0.0,46.0,35.0,42.0,40.0,30.0,0.0,89.0,90.0,22.0,76.0,20.0,22.0,15.0,12.0,1.0,15.0,87.0,40.0,30.0,10.0,50.0,35.0,0.0,0.0,0.0,0.0,93.0,35.0,28.0,0.0,42.0,25.0,69.0,23.0,89.0,87.0,0.0,15.0,48.0,15.0,15.0,25.0,15.0,43.0,0.0,15.0,32044.0,90.0,Bruce Matthews,LT,"Ht: 6' 5"" Wt: 305"
44,74.0,70.0,84.0,38.0,40.0,0.0,46.0,35.0,42.0,40.0,30.0,1.0,88.0,88.0,22.0,76.0,20.0,22.0,15.0,12.0,0.0,15.0,84.0,40.0,30.0,10.0,50.0,35.0,0.0,0.0,0.0,0.0,91.0,35.0,28.0,0.0,42.0,25.0,68.0,23.0,87.0,85.0,0.0,15.0,48.0,15.0,15.0,25.0,15.0,43.0,0.0,15.0,32045.0,88.0,Bruce Matthews,RG,"Ht: 6' 5"" Wt: 305"
45,92.0,88.0,96.0,62.0,92.0,0.0,70.0,68.0,75.0,60.0,97.0,0.0,92.0,94.0,63.0,96.0,25.0,25.0,35.0,68.0,0.0,20.0,45.0,88.0,96.0,65.0,97.0,90.0,0.0,0.0,0.0,0.0,45.0,20.0,20.0,0.0,68.0,70.0,90.0,66.0,97.0,92.0,1.0,20.0,92.0,25.0,25.0,25.0,20.0,62.0,1.0,73.0,32046.0,97.0,Jason Taylor,RE,"Ht: 6' 6"" Wt: 244"
46,92.0,88.0,96.0,62.0,92.0,0.0,70.0,68.0,75.0,60.0,97.0,0.0,92.0,94.0,63.0,96.0,25.0,25.0,35.0,68.0,0.0,20.0,45.0,88.0,96.0,65.0,97.0,90.0,1.0,0.0,0.0,0.0,45.0,20.0,20.0,0.0,68.0,70.0,90.0,66.0,97.0,92.0,1.0,20.0,92.0,25.0,25.0,25.0,20.0,62.0,0.0,73.0,32047.0,97.0,Jason Taylor,RE,"Ht: 6' 6"" Wt: 244"
47,92.0,88.0,96.0,62.0,92.0,0.0,70.0,68.0,75.0,60.0,97.0,0.0,92.0,94.0,63.0,96.0,25.0,25.0,35.0,68.0,0.0,20.0,45.0,88.0,96.0,65.0,97.0,90.0,0.0,0.0,0.0,0.0,45.0,20.0,20.0,1.0,68.0,70.0,90.0,66.0,97.0,92.0,1.0,20.0,92.0,25.0,25.0,25.0,20.0,62.0,0.0,73.0,32048.0,97.0,Jason Taylor,RE,"Ht: 6' 6"" Wt: 244"
48,92.0,88.0,96.0,62.0,92.0,1.0,70.0,68.0,75.0,60.0,97.0,0.0,92.0,94.0,63.0,96.0,25.0,25.0,35.0,68.0,0.0,20.0,45.0,88.0,96.0,65.0,97.0,90.0,0.0,0.0,0.0,0.0,45.0,20.0,20.0,0.0,68.0,70.0,90.0,66.0,97.0,92.0,1.0,20.0,92.0,25.0,25.0,25.0,20.0,62.0,0.0,73.0,32049.0,97.0,Jason Taylor,RE,"Ht: 6' 6"" Wt: 244"
49,89.0,85.0,95.0,62.0,89.0,1.0,68.0,66.0,73.0,60.0,94.0,0.0,88.0,92.0,63.0,92.0,25.0,25.0,35.0,65.0,0.0,20.0,45.0,85.0,95.0,62.0,94.0,87.0,0.0,0.0,0.0,0.0,45.0,20.0,20.0,0.0,68.0,68.0,87.0,66.0,95.0,90.0,1.0,20.0,89.0,25.0,25.0,25.0,20.0,62.0,0.0,70.0,32050.0,94.0,Jason Taylor,RE,"Ht: 6' 6"" Wt: 244"
50,89.0,85.0,92.0,62.0,88.0,0.0,67.0,65.0,72.0,60.0,93.0,0.0,86.0,90.0,63.0,92.0,25.0,25.0,35.0,64.0,0.0,20.0,45.0,84.0,92.0,61.0,93.0,86.0,0.0,0.0,0.0,0.0,45.0,20.0,20.0,0.0,68.0,67.0,87.0,66.0,93.0,88.0,1.0,20.0,88.0,25.0,25.0,25.0,20.0,62.0,1.0,69.0,32051.0,93.0,Jason Taylor,RE,"Ht: 6' 6"" Wt: 244"
51,90.0,86.0,90.0,62.0,86.0,0.0,66.0,64.0,71.0,60.0,91.0,0.0,84.0,88.0,63.0,93.0,25.0,25.0,35.0,62.0,0.0,20.0,45.0,83.0,90.0,60.0,91.0,84.0,1.0,0.0,0.0,0.0,45.0,20.0,20.0,0.0,68.0,66.0,88.0,66.0,91.0,87.0,1.0,20.0,86.0,25.0,25.0,25.0,20.0,62.0,0.0,67.0,32052.0,91.0,Jason Taylor,RE,"Ht: 6' 6"" Wt: 244"
52,90.0,86.0,88.0,62.0,85.0,0.0,65.0,63.0,70.0,60.0,90.0,0.0,82.0,86.0,63.0,93.0,25.0,25.0,35.0,61.0,0.0,20.0,45.0,82.0,88.0,59.0,90.0,83.0,0.0,0.0,0.0,0.0,45.0,20.0,20.0,1.0,68.0,65.0,88.0,66.0,89.0,86.0,1.0,20.0,85.0,25.0,25.0,25.0,20.0,62.0,0.0,66.0,32053.0,90.0,Jason Taylor,RE,"Ht: 6' 6"" Wt: 244"
53,90.0,86.0,86.0,62.0,82.0,1.0,64.0,62.0,69.0,60.0,88.0,0.0,80.0,84.0,63.0,93.0,25.0,25.0,35.0,60.0,0.0,20.0,45.0,81.0,86.0,58.0,88.0,81.0,0.0,0.0,0.0,0.0,45.0,20.0,20.0,0.0,68.0,64.0,88.0,66.0,87.0,85.0,1.0,20.0,83.0,25.0,25.0,25.0,20.0,62.0,0.0,65.0,32054.0,88.0,Jason Taylor,RE,"Ht: 6' 6"" Wt: 244"
54,93.0,89.0,97.0,40.0,96.0,0.0,72.0,72.0,80.0,25.0,82.0,0.0,95.0,97.0,30.0,92.0,22.0,22.0,15.0,77.0,0.0,15.0,45.0,96.0,97.0,62.0,97.0,86.0,0.0,0.0,0.0,0.0,45.0,15.0,15.0,0.0,58.0,60.0,90.0,30.0,95.0,94.0,1.0,15.0,97.0,15.0,15.0,25.0,15.0,55.0,1.0,87.0,32055.0,97.0,Mike Singletary,MLB,"Ht: 5' 11"" Wt: 230"
55,93.0,89.0,97.0,40.0,96.0,0.0,72.0,72.0,80.0,25.0,82.0,0.0,95.0,97.0,30.0,92.0,22.0,22.0,15.0,77.0,0.0,15.0,45.0,96.0,97.0,62.0,97.0,86.0,1.0,0.0,0.0,0.0,45.0,15.0,15.0,0.0,58.0,60.0,90.0,30.0,95.0,94.0,1.0,15.0,97.0,15.0,15.0,25.0,15.0,55.0,0.0,87.0,32056.0,97.0,Mike Singletary,MLB,"Ht: 5' 11"" Wt: 230"
56,93.0,89.0,97.0,40.0,96.0,0.0,72.0,72.0,80.0,25.0,82.0,0.0,95.0,97.0,30.0,92.0,22.0,22.0,15.0,77.0,0.0,15.0,45.0,96.0,97.0,62.0,97.0,86.0,0.0,0.0,0.0,0.0,45.0,15.0,15.0,1.0,58.0,60.0,90.0,30.0,95.0,94.0,1.0,15.0,97.0,15.0,15.0,25.0,15.0,55.0,0.0,87.0,32057.0,97.0,Mike Singletary,MLB,"Ht: 5' 11"" Wt: 230"
57,93.0,89.0,97.0,40.0,96.0,1.0,72.0,72.0,80.0,25.0,82.0,0.0,95.0,97.0,30.0,92.0,22.0,22.0,15.0,77.0,0.0,15.0,45.0,96.0,97.0,62.0,97.0,86.0,0.0,0.0,0.0,0.0,45.0,15.0,15.0,0.0,58.0,60.0,90.0,30.0,95.0,94.0,1.0,15.0,97.0,15.0,15.0,25.0,15.0,55.0,0.0,87.0,32058.0,97.0,Mike Singletary,MLB,"Ht: 5' 11"" Wt: 230"
58,91.0,87.0,91.0,40.0,93.0,0.0,70.0,70.0,78.0,25.0,79.0,0.0,92.0,95.0,30.0,90.0,22.0,22.0,15.0,75.0,0.0,15.0,45.0,93.0,91.0,60.0,93.0,83.0,1.0,0.0,0.0,0.0,45.0,15.0,15.0,0.0,58.0,58.0,88.0,30.0,93.0,90.0,1.0,15.0,94.0,15.0,15.0,25.0,15.0,55.0,0.0,82.0,32059.0,94.0,Mike Singletary,MLB,"Ht: 5' 11"" Wt: 230"
59,89.0,85.0,93.0,40.0,92.0,0.0,69.0,69.0,77.0,25.0,77.0,0.0,91.0,93.0,30.0,88.0,22.0,22.0,15.0,72.0,0.0,15.0,45.0,92.0,93.0,59.0,89.0,82.0,0.0,0.0,0.0,0.0,45.0,15.0,15.0,1.0,58.0,57.0,86.0,30.0,91.0,91.0,1.0,15.0,92.0,15.0,15.0,25.0,15.0,55.0,0.0,82.0,32060.0,93.0,Mike Singletary,MLB,"Ht: 5' 11"" Wt: 230"
60,86.0,83.0,95.0,40.0,89.0,0.0,68.0,68.0,76.0,25.0,73.0,0.0,89.0,91.0,30.0,85.0,22.0,22.0,15.0,68.0,0.0,15.0,45.0,90.0,95.0,58.0,87.0,80.0,0.0,0.0,0.0,0.0,45.0,15.0,15.0,0.0,58.0,56.0,84.0,30.0,89.0,92.0,1.0,15.0,89.0,15.0,15.0,25.0,15.0,55.0,1.0,83.0,32061.0,91.0,Mike Singletary,MLB,"Ht: 5' 11"" Wt: 230"
61,90.0,86.0,88.0,40.0,87.0,1.0,67.0,67.0,75.0,25.0,76.0,0.0,87.0,89.0,30.0,89.0,22.0,22.0,15.0,74.0,0.0,15.0,45.0,88.0,88.0,57.0,92.0,78.0,0.0,0.0,0.0,0.0,45.0,15.0,15.0,0.0,58.0,55.0,87.0,30.0,87.0,87.0,1.0,15.0,86.0,15.0,15.0,25.0,15.0,55.0,0.0,79.0,32062.0,90.0,Mike Singletary,MLB,"Ht: 5' 11"" Wt: 230"
62,90.0,86.0,85.0,40.0,84.0,0.0,66.0,66.0,74.0,25.0,75.0,0.0,83.0,87.0,30.0,89.0,22.0,22.0,15.0,72.0,0.0,15.0,45.0,86.0,85.0,56.0,90.0,76.0,1.0,0.0,0.0,0.0,45.0,15.0,15.0,0.0,58.0,54.0,87.0,30.0,85.0,85.0,1.0,15.0,83.0,15.0,15.0,25.0,15.0,55.0,0.0,76.0,32063.0,88.0,Mike Singletary,MLB,"Ht: 5' 11"" Wt: 230"
63,94.0,91.0,97.0,78.0,89.0,0.0,81.0,76.0,86.0,63.0,87.0,0.0,89.0,97.0,70.0,87.0,25.0,25.0,20.0,88.0,0.0,15.0,45.0,91.0,97.0,84.0,98.0,80.0,0.0,1.0,0.0,0.0,45.0,25.0,25.0,0.0,74.0,69.0,91.0,71.0,97.0,79.0,0.0,15.0,96.0,20.0,20.0,20.0,15.0,67.0,1.0,93.0,32064.0,97.0,Derrick Brooks,ROLB,"Ht: 6' 0"" Wt: 235"
64,94.0,91.0,97.0,78.0,89.0,0.0,81.0,76.0,86.0,63.0,87.0,0.0,89.0,97.0,70.0,87.0,25.0,25.0,20.0,88.0,0.0,15.0,45.0,91.0,97.0,84.0,98.0,80.0,1.0,1.0,0.0,0.0,45.0,25.0,25.0,0.0,74.0,69.0,91.0,71.0,97.0,79.0,0.0,15.0,96.0,20.0,20.0,20.0,15.0,67.0,0.0,93.0,32065.0,97.0,Derrick Brooks,ROLB,"Ht: 6' 0"" Wt: 235"
65,94.0,91.0,97.0,78.0,89.0,0.0,81.0,76.0,86.0,63.0,87.0,0.0,89.0,97.0,70.0,87.0,25.0,25.0,20.0,88.0,0.0,15.0,45.0,91.0,97.0,84.0,98.0,80.0,0.0,1.0,0.0,0.0,45.0,25.0,25.0,1.0,74.0,69.0,91.0,71.0,97.0,79.0,0.0,15.0,96.0,20.0,20.0,20.0,15.0,67.0,0.0,93.0,32066.0,97.0,Derrick Brooks,ROLB,"Ht: 6' 0"" Wt: 235"
66,94.0,91.0,97.0,78.0,89.0,1.0,81.0,76.0,86.0,63.0,87.0,0.0,89.0,97.0,70.0,87.0,25.0,25.0,20.0,88.0,0.0,15.0,45.0,91.0,97.0,84.0,98.0,80.0,0.0,1.0,0.0,0.0,45.0,25.0,25.0,0.0,74.0,69.0,91.0,71.0,97.0,79.0,0.0,15.0,96.0,20.0,20.0,20.0,15.0,67.0,0.0,93.0,32067.0,97.0,Derrick Brooks,ROLB,"Ht: 6' 0"" Wt: 235"
67,91.0,88.0,93.0,78.0,85.0,0.0,78.0,73.0,83.0,63.0,85.0,0.0,83.0,95.0,70.0,84.0,25.0,25.0,20.0,86.0,0.0,15.0,45.0,88.0,93.0,82.0,95.0,74.0,0.0,1.0,0.0,0.0,45.0,25.0,25.0,1.0,74.0,66.0,88.0,71.0,95.0,76.0,0.0,15.0,92.0,20.0,20.0,20.0,15.0,67.0,0.0,91.0,32068.0,94.0,Derrick Brooks,ROLB,"Ht: 6' 0"" Wt: 235"
68,91.0,88.0,91.0,78.0,83.0,1.0,77.0,72.0,82.0,63.0,84.0,0.0,81.0,93.0,70.0,84.0,25.0,25.0,20.0,84.0,0.0,15.0,45.0,87.0,91.0,81.0,94.0,73.0,0.0,1.0,0.0,0.0,45.0,25.0,25.0,0.0,74.0,65.0,88.0,71.0,93.0,75.0,0.0,15.0,91.0,20.0,20.0,20.0,15.0,67.0,0.0,90.0,32069.0,93.0,Derrick Brooks,ROLB,"Ht: 6' 0"" Wt: 235"
69,89.0,86.0,94.0,78.0,86.0,0.0,76.0,74.0,84.0,63.0,78.0,0.0,84.0,91.0,70.0,82.0,25.0,25.0,20.0,80.0,0.0,15.0,45.0,86.0,94.0,79.0,89.0,75.0,0.0,1.0,0.0,0.0,45.0,25.0,25.0,0.0,74.0,67.0,86.0,71.0,91.0,77.0,0.0,15.0,88.0,20.0,20.0,20.0,15.0,67.0,1.0,86.0,32070.0,91.0,Derrick Brooks,ROLB,"Ht: 6' 0"" Wt: 235"
70,87.0,84.0,95.0,78.0,84.0,0.0,75.0,74.0,84.0,63.0,74.0,0.0,82.0,89.0,70.0,80.0,25.0,25.0,20.0,79.0,0.0,15.0,45.0,85.0,95.0,78.0,86.0,74.0,1.0,1.0,0.0,0.0,45.0,25.0,25.0,0.0,74.0,67.0,84.0,71.0,89.0,77.0,0.0,15.0,87.0,20.0,20.0,20.0,15.0,67.0,0.0,85.0,32071.0,90.0,Derrick Brooks,ROLB,"Ht: 6' 0"" Wt: 235"
71,92.0,91.0,84.0,78.0,78.0,0.0,74.0,69.0,78.0,63.0,79.0,0.0,78.0,87.0,70.0,85.0,25.0,25.0,20.0,81.0,0.0,15.0,45.0,84.0,84.0,80.0,91.0,68.0,0.0,1.0,0.0,0.0,45.0,25.0,25.0,1.0,74.0,62.0,89.0,71.0,87.0,74.0,0.0,15.0,83.0,20.0,20.0,20.0,15.0,67.0,0.0,82.0,32072.0,88.0,Derrick Brooks,ROLB,"Ht: 6' 0"" Wt: 235"
72,96.0,91.0,94.0,68.0,80.0,0.0,70.0,73.0,74.0,62.0,71.0,0.0,94.0,96.0,75.0,93.0,15.0,15.0,63.0,86.0,0.0,10.0,45.0,96.0,94.0,83.0,96.0,64.0,0.0,0.0,0.0,0.0,45.0,15.0,20.0,0.0,58.0,70.0,93.0,64.0,96.0,84.0,0.0,10.0,93.0,10.0,10.0,15.0,10.0,52.0,1.0,94.0,32073.0,97.0,Steve Atwater,FS,"Ht: 6' 3"" Wt: 217"
73,96.0,91.0,94.0,68.0,80.0,0.0,70.0,73.0,74.0,62.0,71.0,0.0,94.0,96.0,75.0,93.0,15.0,15.0,63.0,86.0,0.0,10.0,45.0,96.0,94.0,83.0,96.0,64.0,1.0,0.0,0.0,0.0,45.0,15.0,20.0,0.0,58.0,70.0,93.0,64.0,96.0,84.0,0.0,10.0,93.0,10.0,10.0,15.0,10.0,52.0,0.0,94.0,32074.0,97.0,Steve Atwater,FS,"Ht: 6' 3"" Wt: 217"
74,96.0,91.0,94.0,68.0,80.0,0.0,70.0,73.0,74.0,62.0,71.0,0.0,94.0,96.0,75.0,93.0,15.0,15.0,63.0,86.0,0.0,10.0,45.0,96.0,94.0,83.0,96.0,64.0,0.0,0.0,0.0,0.0,45.0,15.0,20.0,1.0,58.0,70.0,93.0,64.0,96.0,84.0,0.0,10.0,93.0,10.0,10.0,15.0,10.0,52.0,0.0,94.0,32075.0,97.0,Steve Atwater,FS,"Ht: 6' 3"" Wt: 217"
75,96.0,91.0,94.0,68.0,80.0,1.0,70.0,73.0,74.0,62.0,71.0,0.0,94.0,96.0,75.0,93.0,15.0,15.0,63.0,86.0,0.0,10.0,45.0,96.0,94.0,83.0,96.0,64.0,0.0,0.0,0.0,0.0,45.0,15.0,20.0,0.0,58.0,70.0,93.0,64.0,96.0,84.0,0.0,10.0,93.0,10.0,10.0,15.0,10.0,52.0,0.0,94.0,32076.0,97.0,Steve Atwater,FS,"Ht: 6' 3"" Wt: 217"
76,94.0,89.0,90.0,68.0,77.0,0.0,68.0,71.0,72.0,62.0,68.0,0.0,91.0,94.0,75.0,91.0,15.0,15.0,63.0,83.0,0.0,10.0,45.0,93.0,90.0,80.0,93.0,61.0,0.0,0.0,0.0,0.0,45.0,15.0,20.0,0.0,58.0,68.0,91.0,64.0,94.0,81.0,0.0,10.0,90.0,10.0,10.0,15.0,10.0,52.0,1.0,91.0,32077.0,94.0,Steve Atwater,FS,"Ht: 6' 3"" Wt: 217"
77,93.0,88.0,89.0,68.0,76.0,0.0,67.0,70.0,71.0,62.0,67.0,0.0,90.0,92.0,75.0,90.0,15.0,15.0,63.0,82.0,0.0,10.0,45.0,92.0,89.0,79.0,92.0,60.0,1.0,0.0,0.0,0.0,45.0,15.0,20.0,0.0,58.0,67.0,90.0,64.0,92.0,80.0,0.0,10.0,89.0,10.0,10.0,15.0,10.0,52.0,0.0,90.0,32078.0,93.0,Steve Atwater,FS,"Ht: 6' 3"" Wt: 217"
78,91.0,86.0,91.0,68.0,74.0,1.0,66.0,69.0,70.0,62.0,65.0,0.0,88.0,90.0,75.0,88.0,15.0,15.0,63.0,79.0,0.0,10.0,45.0,90.0,91.0,76.0,90.0,58.0,0.0,0.0,0.0,0.0,45.0,15.0,20.0,0.0,58.0,66.0,88.0,64.0,90.0,82.0,0.0,10.0,87.0,10.0,10.0,15.0,10.0,52.0,0.0,87.0,32079.0,91.0,Steve Atwater,FS,"Ht: 6' 3"" Wt: 217"
79,93.0,88.0,86.0,68.0,73.0,0.0,64.0,67.0,68.0,62.0,64.0,0.0,87.0,88.0,75.0,90.0,15.0,15.0,63.0,80.0,0.0,10.0,45.0,87.0,86.0,77.0,89.0,57.0,0.0,0.0,0.0,0.0,45.0,15.0,20.0,1.0,58.0,64.0,90.0,64.0,88.0,79.0,0.0,10.0,86.0,10.0,10.0,15.0,10.0,52.0,0.0,83.0,32080.0,90.0,Steve Atwater,FS,"Ht: 6' 3"" Wt: 217"
80,88.0,83.0,92.0,68.0,69.0,0.0,65.0,68.0,69.0,62.0,61.0,0.0,83.0,86.0,75.0,85.0,15.0,15.0,63.0,75.0,0.0,10.0,45.0,84.0,92.0,73.0,84.0,55.0,0.0,0.0,0.0,0.0,45.0,15.0,20.0,0.0,58.0,65.0,85.0,64.0,86.0,82.0,0.0,10.0,83.0,10.0,10.0,15.0,10.0,52.0,1.0,84.0,32081.0,88.0,Steve Atwater,FS,"Ht: 6' 3"" Wt: 217"
81,98.0,93.0,97.0,84.0,69.0,0.0,77.0,74.0,83.0,88.0,65.0,0.0,80.0,97.0,88.0,96.0,20.0,20.0,78.0,88.0,0.0,25.0,45.0,88.0,97.0,85.0,93.0,54.0,0.0,0.0,0.0,0.0,45.0,25.0,20.0,0.0,62.0,80.0,95.0,72.0,97.0,79.0,0.0,25.0,86.0,30.0,30.0,30.0,25.0,62.0,1.0,95.0,32082.0,97.0,Ken Houston,SS,"Ht: 6' 3"" Wt: 197"
82,98.0,93.0,97.0,84.0,69.0,0.0,77.0,74.0,83.0,88.0,65.0,0.0,80.0,97.0,88.0,96.0,20.0,20.0,78.0,88.0,0.0,25.0,45.0,88.0,97.0,85.0,93.0,54.0,1.0,0.0,0.0,0.0,45.0,25.0,20.0,0.0,62.0,80.0,95.0,72.0,97.0,79.0,0.0,25.0,86.0,30.0,30.0,30.0,25.0,62.0,0.0,95.0,32083.0,97.0,Ken Houston,SS,"Ht: 6' 3"" Wt: 197"
83,98.0,93.0,97.0,84.0,69.0,0.0,77.0,74.0,83.0,88.0,65.0,0.0,80.0,97.0,88.0,96.0,20.0,20.0,78.0,88.0,0.0,25.0,45.0,88.0,97.0,85.0,93.0,54.0,0.0,0.0,0.0,0.0,45.0,25.0,20.0,1.0,62.0,80.0,95.0,72.0,97.0,79.0,0.0,25.0,86.0,30.0,30.0,30.0,25.0,62.0,0.0,95.0,32084.0,97.0,Ken Houston,SS,"Ht: 6' 3"" Wt: 197"
84,98.0,93.0,97.0,84.0,69.0,1.0,77.0,74.0,83.0,88.0,65.0,0.0,80.0,97.0,88.0,96.0,20.0,20.0,78.0,88.0,0.0,25.0,45.0,88.0,97.0,85.0,93.0,54.0,0.0,0.0,0.0,0.0,45.0,25.0,20.0,0.0,62.0,80.0,95.0,72.0,97.0,79.0,0.0,25.0,86.0,30.0,30.0,30.0,25.0,62.0,0.0,95.0,32085.0,97.0,Ken Houston,SS,"Ht: 6' 3"" Wt: 197"
85,95.0,89.0,94.0,84.0,67.0,1.0,75.0,72.0,81.0,88.0,63.0,0.0,78.0,95.0,88.0,93.0,20.0,20.0,78.0,85.0,0.0,25.0,45.0,85.0,94.0,81.0,89.0,52.0,0.0,0.0,0.0,0.0,45.0,25.0,20.0,0.0,62.0,78.0,92.0,72.0,95.0,75.0,0.0,25.0,84.0,30.0,30.0,30.0,25.0,62.0,0.0,93.0,32086.0,94.0,Ken Houston,SS,"Ht: 6' 3"" Wt: 197"
86,93.0,87.0,95.0,84.0,65.0,0.0,74.0,71.0,80.0,88.0,62.0,0.0,77.0,93.0,88.0,91.0,20.0,20.0,78.0,83.0,0.0,25.0,45.0,84.0,95.0,78.0,88.0,51.0,0.0,0.0,0.0,0.0,45.0,25.0,20.0,1.0,62.0,77.0,90.0,72.0,93.0,75.0,0.0,25.0,83.0,30.0,30.0,30.0,25.0,62.0,0.0,92.0,32087.0,93.0,Ken Houston,SS,"Ht: 6' 3"" Wt: 197"
87,96.0,90.0,90.0,84.0,62.0,0.0,73.0,70.0,78.0,88.0,59.0,0.0,74.0,91.0,88.0,94.0,20.0,20.0,78.0,86.0,0.0,25.0,45.0,81.0,90.0,83.0,91.0,49.0,0.0,0.0,0.0,0.0,45.0,25.0,20.0,0.0,62.0,76.0,93.0,72.0,91.0,75.0,0.0,25.0,80.0,30.0,30.0,30.0,25.0,62.0,1.0,88.0,32088.0,91.0,Ken Houston,SS,"Ht: 6' 3"" Wt: 197"
88,95.0,89.0,86.0,84.0,61.0,0.0,72.0,69.0,77.0,88.0,58.0,0.0,73.0,89.0,88.0,93.0,20.0,20.0,78.0,85.0,0.0,25.0,45.0,79.0,86.0,82.0,90.0,48.0,1.0,0.0,0.0,0.0,45.0,25.0,20.0,0.0,62.0,75.0,92.0,72.0,89.0,75.0,0.0,25.0,79.0,30.0,30.0,30.0,25.0,62.0,0.0,86.0,32089.0,90.0,Ken Houston,SS,"Ht: 6' 3"" Wt: 197"
89,95.0,89.0,84.0,84.0,59.0,1.0,71.0,68.0,75.0,88.0,56.0,0.0,71.0,87.0,88.0,93.0,20.0,20.0,78.0,85.0,0.0,25.0,45.0,77.0,84.0,82.0,90.0,46.0,0.0,0.0,0.0,0.0,45.0,25.0,20.0,0.0,62.0,74.0,92.0,72.0,87.0,75.0,0.0,25.0,77.0,30.0,30.0,30.0,25.0,62.0,0.0,84.0,32090.0,88.0,Ken Houston,SS,"Ht: 6' 3"" Wt: 197"
90,96.0,97.0,94.0,84.0,83.0,0.0,80.0,78.0,80.0,84.0,72.0,0.0,80.0,97.0,82.0,96.0,30.0,35.0,73.0,95.0,0.0,20.0,45.0,84.0,94.0,95.0,94.0,80.0,0.0,0.0,0.0,0.0,45.0,65.0,50.0,0.0,58.0,71.0,94.0,80.0,96.0,78.0,1.0,25.0,85.0,30.0,30.0,35.0,25.0,58.0,1.0,94.0,32091.0,97.0,Mel Blount,CB,"Ht: 6' 3"" Wt: 205"
91,96.0,97.0,94.0,84.0,83.0,0.0,80.0,78.0,80.0,84.0,72.0,0.0,80.0,97.0,82.0,96.0,30.0,35.0,73.0,95.0,0.0,20.0,45.0,84.0,94.0,95.0,94.0,80.0,1.0,0.0,0.0,0.0,45.0,65.0,50.0,0.0,58.0,71.0,94.0,80.0,96.0,78.0,1.0,25.0,85.0,30.0,30.0,35.0,25.0,58.0,0.0,94.0,32092.0,97.0,Mel Blount,CB,"Ht: 6' 3"" Wt: 205"
92,96.0,97.0,94.0,84.0,83.0,0.0,80.0,78.0,80.0,84.0,72.0,0.0,80.0,97.0,82.0,96.0,30.0,35.0,73.0,95.0,0.0,20.0,45.0,84.0,94.0,95.0,94.0,80.0,0.0,0.0,0.0,0.0,45.0,65.0,50.0,1.0,58.0,71.0,94.0,80.0,96.0,78.0,1.0,25.0,85.0,30.0,30.0,35.0,25.0,58.0,0.0,94.0,32093.0,97.0,Mel Blount,CB,"Ht: 6' 3"" Wt: 205"
93,96.0,97.0,94.0,84.0,83.0,1.0,80.0,78.0,80.0,84.0,72.0,0.0,80.0,97.0,82.0,96.0,30.0,35.0,73.0,95.0,0.0,20.0,45.0,84.0,94.0,95.0,94.0,80.0,0.0,0.0,0.0,0.0,45.0,65.0,50.0,0.0,58.0,71.0,94.0,80.0,96.0,78.0,1.0,25.0,85.0,30.0,30.0,35.0,25.0,58.0,0.0,94.0,32094.0,97.0,Mel Blount,CB,"Ht: 6' 3"" Wt: 205"
94,86.0,86.0,71.0,80.0,31.0,0.0,67.0,25.0,62.0,83.0,10.0,0.0,25.0,79.0,83.0,87.0,25.0,25.0,40.0,18.0,0.0,66.0,20.0,12.0,25.0,10.0,40.0,10.0,0.0,0.0,0.0,1.0,26.0,45.0,35.0,0.0,57.0,45.0,85.0,81.0,84.0,55.0,0.0,74.0,32.0,72.0,71.0,86.0,82.0,40.0,0.0,16.0,32095.0,83.0,Mike Vick,QB,
95,81.0,69.0,93.0,30.0,52.0,0.0,68.0,48.0,55.0,32.0,15.0,0.0,97.0,93.0,25.0,75.0,25.0,25.0,15.0,20.0,0.0,10.0,93.0,78.0,25.0,20.0,43.0,15.0,0.0,0.0,0.0,0.0,96.0,42.0,41.0,0.0,46.0,53.0,68.0,25.0,98.0,97.0,0.0,10.0,65.0,15.0,15.0,30.0,10.0,62.0,1.0,20.0,32096.0,97.0,Dan Dierdorf,RT,"Ht: 6' 3"" Wt: 275"
96,81.0,69.0,93.0,30.0,52.0,0.0,68.0,48.0,55.0,32.0,15.0,1.0,97.0,93.0,25.0,75.0,25.0,25.0,15.0,20.0,0.0,10.0,93.0,78.0,25.0,20.0,43.0,15.0,0.0,0.0,0.0,0.0,96.0,42.0,41.0,0.0,46.0,53.0,68.0,25.0,98.0,97.0,0.0,10.0,65.0,15.0,15.0,30.0,10.0,62.0,0.0,20.0,32097.0,97.0,Dan Dierdorf,RT,"Ht: 6' 3"" Wt: 275"
97,81.0,69.0,93.0,30.0,52.0,0.0,68.0,48.0,55.0,32.0,15.0,0.0,97.0,93.0,25.0,75.0,25.0,25.0,15.0,20.0,1.0,10.0,93.0,78.0,25.0,20.0,43.0,15.0,0.0,0.0,0.0,0.0,96.0,42.0,41.0,0.0,46.0,53.0,68.0,25.0,98.0,97.0,0.0,10.0,65.0,15.0,15.0,30.0,10.0,62.0,0.0,20.0,32098.0,97.0,Dan Dierdorf,RT,"Ht: 6' 3"" Wt: 275"
98,81.0,69.0,93.0,30.0,52.0,0.0,68.0,48.0,55.0,32.0,15.0,0.0,97.0,93.0,25.0,75.0,25.0,25.0,15.0,20.0,0.0,10.0,93.0,78.0,25.0,20.0,43.0,15.0,0.0,0.0,0.0,1.0,96.0,42.0,41.0,0.0,46.0,53.0,68.0,25.0,98.0,97.0,0.0,10.0,65.0,15.0,15.0,30.0,10.0,62.0,0.0,20.0,32099.0,97.0,Dan Dierdorf,RT,"Ht: 6' 3"" Wt: 275"
99,79.0,67.0,90.0,30.0,52.0,0.0,66.0,48.0,53.0,32.0,15.0,0.0,94.0,91.0,25.0,73.0,25.0,25.0,15.0,20.0,0.0,10.0,91.0,78.0,25.0,20.0,43.0,15.0,0.0,0.0,0.0,1.0,94.0,42.0,41.0,0.0,46.0,53.0,66.0,25.0,96.0,94.0,0.0,10.0,63.0,15.0,15.0,30.0,10.0,62.0,0.0,20.0,32100.0,94.0,Dan Dierdorf,RT,"Ht: 6' 3"" Wt: 275"
100,79.0,67.0,88.0,30.0,52.0,0.0,66.0,48.0,53.0,32.0,15.0,0.0,93.0,89.0,25.0,73.0,25.0,25.0,15.0,20.0,1.0,10.0,90.0,78.0,25.0,20.0,43.0,15.0,0.0,0.0,0.0,0.0,93.0,42.0,41.0,0.0,46.0,53.0,66.0,25.0,94.0,92.0,0.0,10.0,63.0,15.0,15.0,30.0,10.0,62.0,0.0,20.0,32101.0,93.0,Dan Dierdorf,RT,"Ht: 6' 3"" Wt: 275"
101,79.0,67.0,86.0,30.0,52.0,0.0,65.0,48.0,52.0,32.0,15.0,0.0,91.0,87.0,25.0,73.0,25.0,25.0,15.0,20.0,0.0,10.0,88.0,78.0,25.0,20.0,43.0,15.0,0.0,0.0,0.0,0.0,91.0,42.0,41.0,0.0,46.0,53.0,66.0,25.0,92.0,91.0,0.0,10.0,62.0,15.0,15.0,30.0,10.0,62.0,1.0,20.0,32102.0,91.0,Dan Dierdorf,RT,"Ht: 6' 3"" Wt: 275"
102,78.0,66.0,91.0,30.0,52.0,0.0,65.0,48.0,52.0,32.0,15.0,1.0,90.0,85.0,25.0,72.0,25.0,25.0,15.0,20.0,0.0,10.0,86.0,78.0,25.0,20.0,43.0,15.0,0.0,0.0,0.0,0.0,89.0,42.0,41.0,0.0,46.0,53.0,65.0,25.0,90.0,92.0,0.0,10.0,62.0,15.0,15.0,30.0,10.0,62.0,0.0,20.0,32103.0,90.0,Dan Dierdorf,RT,"Ht: 6' 3"" Wt: 275"
103,80.0,68.0,80.0,30.0,52.0,0.0,64.0,48.0,51.0,32.0,15.0,0.0,88.0,83.0,25.0,74.0,25.0,25.0,15.0,20.0,0.0,10.0,84.0,78.0,25.0,20.0,43.0,15.0,0.0,0.0,0.0,1.0,88.0,42.0,41.0,0.0,46.0,53.0,67.0,25.0,88.0,87.0,0.0,10.0,61.0,15.0,15.0,30.0,10.0,62.0,0.0,20.0,32104.0,88.0,Dan Dierdorf,RT,"Ht: 6' 3"" Wt: 275"
104,97.0,93.0,94.0,82.0,75.0,0.0,75.0,68.0,80.0,78.0,79.0,0.0,68.0,96.0,90.0,92.0,25.0,30.0,35.0,94.0,0.0,15.0,45.0,76.0,94.0,96.0,96.0,66.0,0.0,0.0,0.0,0.0,45.0,20.0,20.0,0.0,46.0,76.0,95.0,84.0,96.0,68.0,0.0,15.0,75.0,20.0,20.0,20.0,15.0,37.0,1.0,97.0,32105.0,97.0,Ronde Barber,CB,"Ht: 5' 10"" Wt: 184"
105,97.0,93.0,94.0,82.0,75.0,0.0,75.0,68.0,80.0,78.0,79.0,0.0,68.0,96.0,90.0,92.0,25.0,30.0,35.0,94.0,0.0,15.0,45.0,76.0,94.0,96.0,96.0,66.0,1.0,0.0,0.0,0.0,45.0,20.0,20.0,0.0,46.0,76.0,95.0,84.0,96.0,68.0,0.0,15.0,75.0,20.0,20.0,20.0,15.0,37.0,0.0,97.0,32106.0,97.0,Ronde Barber,CB,"Ht: 5' 10"" Wt: 184"
106,97.0,93.0,94.0,82.0,75.0,0.0,75.0,68.0,80.0,78.0,79.0,0.0,68.0,96.0,90.0,92.0,25.0,30.0,35.0,94.0,0.0,15.0,45.0,76.0,94.0,96.0,96.0,66.0,0.0,0.0,0.0,0.0,45.0,20.0,20.0,1.0,46.0,76.0,95.0,84.0,96.0,68.0,0.0,15.0,75.0,20.0,20.0,20.0,15.0,37.0,0.0,97.0,32107.0,97.0,Ronde Barber,CB,"Ht: 5' 10"" Wt: 184"
107,97.0,93.0,94.0,82.0,75.0,1.0,75.0,68.0,80.0,78.0,79.0,0.0,68.0,96.0,90.0,92.0,25.0,30.0,35.0,94.0,0.0,15.0,45.0,76.0,94.0,96.0,96.0,66.0,0.0,0.0,0.0,0.0,45.0,20.0,20.0,0.0,46.0,76.0,95.0,84.0,96.0,68.0,0.0,15.0,75.0,20.0,20.0,20.0,15.0,37.0,0.0,97.0,32108.0,97.0,Ronde Barber,CB,"Ht: 5' 10"" Wt: 184"
108,94.0,90.0,90.0,82.0,73.0,1.0,73.0,66.0,77.0,78.0,77.0,0.0,66.0,94.0,90.0,89.0,25.0,30.0,35.0,92.0,0.0,15.0,45.0,73.0,90.0,93.0,93.0,64.0,0.0,0.0,0.0,0.0,45.0,20.0,20.0,0.0,46.0,73.0,92.0,84.0,94.0,65.0,0.0,15.0,73.0,20.0,20.0,20.0,15.0,37.0,0.0,94.0,32109.0,94.0,Ronde Barber,CB,"Ht: 5' 10"" Wt: 184"
109,93.0,89.0,91.0,82.0,72.0,0.0,73.0,65.0,76.0,78.0,76.0,0.0,65.0,92.0,90.0,88.0,25.0,30.0,35.0,91.0,0.0,15.0,45.0,72.0,91.0,92.0,92.0,63.0,0.0,0.0,0.0,0.0,45.0,20.0,20.0,1.0,46.0,72.0,91.0,84.0,92.0,65.0,0.0,15.0,72.0,20.0,20.0,20.0,15.0,37.0,0.0,93.0,32110.0,93.0,Ronde Barber,CB,"Ht: 5' 10"" Wt: 184"
110,91.0,87.0,92.0,82.0,70.0,0.0,72.0,64.0,74.0,78.0,74.0,0.0,63.0,90.0,90.0,86.0,25.0,30.0,35.0,88.0,0.0,15.0,45.0,70.0,92.0,89.0,90.0,61.0,1.0,0.0,0.0,0.0,45.0,20.0,20.0,0.0,46.0,71.0,89.0,84.0,90.0,66.0,0.0,15.0,70.0,20.0,20.0,20.0,15.0,37.0,0.0,90.0,32111.0,91.0,Ronde Barber,CB,"Ht: 5' 10"" Wt: 184"
111,95.0,91.0,86.0,82.0,69.0,0.0,72.0,63.0,73.0,78.0,73.0,0.0,62.0,88.0,90.0,90.0,25.0,30.0,35.0,87.0,0.0,15.0,45.0,69.0,86.0,88.0,89.0,60.0,0.0,0.0,0.0,0.0,45.0,20.0,20.0,0.0,46.0,70.0,93.0,84.0,88.0,63.0,0.0,15.0,69.0,20.0,20.0,20.0,15.0,37.0,1.0,88.0,32112.0,90.0,Ronde Barber,CB,"Ht: 5' 10"" Wt: 184"
112,95.0,91.0,82.0,82.0,67.0,1.0,71.0,62.0,72.0,78.0,71.0,0.0,60.0,86.0,90.0,90.0,25.0,30.0,35.0,84.0,0.0,15.0,45.0,67.0,82.0,85.0,87.0,58.0,0.0,0.0,0.0,0.0,45.0,20.0,20.0,0.0,46.0,69.0,93.0,84.0,86.0,61.0,0.0,15.0,67.0,20.0,20.0,20.0,15.0,37.0,0.0,86.0,32113.0,88.0,Ronde Barber,CB,"Ht: 5' 10"" Wt: 184"
113,95.0,97.0,93.0,90.0,40.0,0.0,84.0,96.0,97.0,93.0,30.0,0.0,63.0,96.0,93.0,91.0,30.0,30.0,60.0,40.0,0.0,40.0,51.0,25.0,35.0,40.0,55.0,30.0,0.0,0.0,1.0,0.0,72.0,93.0,96.0,0.0,72.0,88.0,93.0,95.0,96.0,75.0,0.0,41.0,48.0,44.0,46.0,50.0,43.0,78.0,1.0,40.0,32114.0,97.0,Fred Biletnikoff,WR,"Ht: 6' 1"" Wt: 190"
114,95.0,97.0,93.0,90.0,40.0,0.0,84.0,96.0,97.0,93.0,30.0,1.0,63.0,96.0,93.0,91.0,30.0,30.0,60.0,40.0,0.0,40.0,51.0,25.0,35.0,40.0,55.0,30.0,0.0,0.0,1.0,0.0,72.0,93.0,96.0,0.0,72.0,88.0,93.0,95.0,96.0,75.0,0.0,41.0,48.0,44.0,46.0,50.0,43.0,78.0,0.0,40.0,32115.0,97.0,Fred Biletnikoff,WR,"Ht: 6' 1"" Wt: 190"
115,95.0,97.0,93.0,90.0,40.0,0.0,84.0,96.0,97.0,93.0,30.0,0.0,63.0,96.0,93.0,91.0,30.0,30.0,60.0,40.0,1.0,40.0,51.0,25.0,35.0,40.0,55.0,30.0,0.0,0.0,1.0,0.0,72.0,93.0,96.0,0.0,72.0,88.0,93.0,95.0,96.0,75.0,0.0,41.0,48.0,44.0,46.0,50.0,43.0,78.0,0.0,40.0,32116.0,97.0,Fred Biletnikoff,WR,"Ht: 6' 1"" Wt: 190"
116,95.0,97.0,93.0,90.0,40.0,0.0,84.0,96.0,97.0,93.0,30.0,0.0,63.0,96.0,93.0,91.0,30.0,30.0,60.0,40.0,0.0,40.0,51.0,25.0,35.0,40.0,55.0,30.0,0.0,0.0,1.0,1.0,72.0,93.0,96.0,0.0,72.0,88.0,93.0,95.0,96.0,75.0,0.0,41.0,48.0,44.0,46.0,50.0,43.0,78.0,0.0,40.0,32117.0,97.0,Fred Biletnikoff,WR,"Ht: 6' 1"" Wt: 190"
117,88.0,84.0,80.0,82.0,64.0,1.0,68.0,60.0,69.0,78.0,68.0,0.0,57.0,83.0,90.0,83.0,25.0,30.0,35.0,79.0,0.0,15.0,45.0,65.0,80.0,81.0,82.0,55.0,0.0,0.0,0.0,0.0,45.0,20.0,20.0,0.0,46.0,67.0,86.0,84.0,83.0,58.0,0.0,15.0,64.0,20.0,20.0,20.0,15.0,37.0,0.0,81.0,32118.0,83.0,Ronde Barber,CB,
118,91.0,92.0,95.0,88.0,25.0,0.0,80.0,93.0,96.0,89.0,20.0,0.0,82.0,92.0,87.0,96.0,22.0,22.0,28.0,25.0,0.0,,79.0,12.0,25.0,10.0,25.0,20.0,0.0,0.0,1.0,0.0,82.0,93.0,96.0,0.0,88.0,95.0,89.0,84.0,97.0,80.0,0.0,,59.0,10.0,15.0,30.0,10.0,79.0,1.0,25.0,32119.0,97.0,Kellen Winslow,TE,"Ht: 6' 5"" Wt: 251"
119,91.0,92.0,95.0,88.0,25.0,0.0,80.0,93.0,96.0,89.0,20.0,1.0,82.0,92.0,87.0,96.0,22.0,22.0,28.0,25.0,0.0,,79.0,12.0,25.0,10.0,25.0,20.0,0.0,0.0,1.0,0.0,82.0,93.0,96.0,0.0,88.0,95.0,89.0,84.0,97.0,80.0,0.0,,59.0,10.0,15.0,30.0,10.0,79.0,0.0,25.0,32120.0,97.0,Kellen Winslow,TE,"Ht: 6' 5"" Wt: 251"
120,91.0,92.0,95.0,88.0,25.0,0.0,80.0,93.0,96.0,89.0,20.0,0.0,82.0,92.0,87.0,96.0,22.0,22.0,28.0,25.0,1.0,,79.0,12.0,25.0,10.0,25.0,20.0,0.0,0.0,1.0,0.0,82.0,93.0,96.0,0.0,88.0,95.0,89.0,84.0,97.0,80.0,0.0,,59.0,10.0,15.0,30.0,10.0,79.0,0.0,25.0,32121.0,97.0,Kellen Winslow,TE,"Ht: 6' 5"" Wt: 251"
121,91.0,92.0,95.0,88.0,25.0,0.0,80.0,93.0,96.0,89.0,20.0,0.0,82.0,92.0,87.0,96.0,22.0,22.0,28.0,25.0,0.0,,79.0,12.0,25.0,10.0,25.0,20.0,0.0,0.0,1.0,1.0,82.0,93.0,96.0,0.0,88.0,95.0,89.0,84.0,97.0,80.0,0.0,,59.0,10.0,15.0,30.0,10.0,79.0,0.0,25.0,32122.0,97.0,Kellen Winslow,TE,"Ht: 6' 5"" Wt: 251"
122,88.0,89.0,90.0,86.0,25.0,0.0,78.0,91.0,94.0,86.0,20.0,0.0,80.0,90.0,84.0,93.0,22.0,22.0,27.0,25.0,1.0,,77.0,12.0,25.0,10.0,25.0,20.0,0.0,0.0,1.0,0.0,80.0,91.0,94.0,0.0,85.0,93.0,86.0,81.0,95.0,75.0,0.0,,58.0,10.0,15.0,30.0,10.0,76.0,0.0,25.0,32123.0,94.0,Kellen Winslow,TE,"Ht: 6' 5"" Wt: 251"
123,87.0,88.0,91.0,85.0,25.0,0.0,77.0,90.0,93.0,85.0,20.0,0.0,79.0,88.0,83.0,92.0,22.0,22.0,27.0,25.0,0.0,,76.0,12.0,25.0,10.0,25.0,20.0,0.0,0.0,1.0,1.0,79.0,90.0,93.0,0.0,84.0,92.0,85.0,80.0,93.0,76.0,0.0,,58.0,10.0,15.0,30.0,10.0,75.0,0.0,25.0,32124.0,93.0,Kellen Winslow,TE,"Ht: 6' 5"" Wt: 251"
124,86.0,87.0,92.0,83.0,25.0,0.0,75.0,88.0,91.0,83.0,20.0,1.0,77.0,86.0,81.0,91.0,22.0,22.0,27.0,25.0,0.0,,74.0,12.0,25.0,10.0,25.0,20.0,0.0,0.0,1.0,0.0,77.0,88.0,91.0,0.0,82.0,90.0,84.0,78.0,91.0,77.0,0.0,,57.0,10.0,15.0,30.0,10.0,73.0,0.0,25.0,32125.0,91.0,Kellen Winslow,TE,"Ht: 6' 5"" Wt: 251"
125,84.0,85.0,93.0,82.0,25.0,0.0,74.0,87.0,90.0,82.0,20.0,0.0,76.0,84.0,80.0,89.0,22.0,22.0,26.0,25.0,0.0,,73.0,12.0,25.0,10.0,25.0,20.0,0.0,0.0,1.0,0.0,76.0,87.0,90.0,0.0,81.0,89.0,82.0,77.0,89.0,78.0,0.0,,57.0,10.0,15.0,30.0,10.0,72.0,1.0,25.0,32126.0,90.0,Kellen Winslow,TE,"Ht: 6' 5"" Wt: 251"
126,90.0,91.0,87.0,79.0,25.0,0.0,71.0,84.0,87.0,79.0,20.0,0.0,73.0,82.0,77.0,94.0,22.0,22.0,26.0,25.0,1.0,,70.0,12.0,25.0,10.0,25.0,20.0,0.0,0.0,1.0,0.0,73.0,84.0,87.0,0.0,78.0,86.0,88.0,74.0,87.0,72.0,0.0,,56.0,10.0,15.0,30.0,10.0,69.0,0.0,25.0,32127.0,88.0,Kellen Winslow,TE,"Ht: 6' 5"" Wt: 251"
127,96.0,97.0,94.0,83.0,71.0,0.0,78.0,74.0,80.0,83.0,74.0,0.0,71.0,96.0,88.0,94.0,20.0,20.0,51.0,97.0,0.0,15.0,45.0,78.0,94.0,95.0,87.0,56.0,0.0,0.0,0.0,0.0,45.0,25.0,20.0,0.0,44.0,75.0,95.0,85.0,96.0,72.0,0.0,15.0,78.0,20.0,20.0,20.0,15.0,35.0,1.0,93.0,32128.0,97.0,Eric Allen,CB,"Ht: 5' 10"" Wt: 190"
128,96.0,97.0,94.0,83.0,71.0,0.0,78.0,74.0,80.0,83.0,74.0,0.0,71.0,96.0,88.0,94.0,20.0,20.0,51.0,97.0,0.0,15.0,45.0,78.0,94.0,95.0,87.0,56.0,1.0,0.0,0.0,0.0,45.0,25.0,20.0,0.0,44.0,75.0,95.0,85.0,96.0,72.0,0.0,15.0,78.0,20.0,20.0,20.0,15.0,35.0,0.0,93.0,32129.0,97.0,Eric Allen,CB,"Ht: 5' 10"" Wt: 190"
129,96.0,97.0,94.0,83.0,71.0,0.0,78.0,74.0,80.0,83.0,74.0,0.0,71.0,96.0,88.0,94.0,20.0,20.0,51.0,97.0,0.0,15.0,45.0,78.0,94.0,95.0,87.0,56.0,0.0,0.0,0.0,0.0,45.0,25.0,20.0,1.0,44.0,75.0,95.0,85.0,96.0,72.0,0.0,15.0,78.0,20.0,20.0,20.0,15.0,35.0,0.0,93.0,32130.0,97.0,Eric Allen,CB,"Ht: 5' 10"" Wt: 190"
130,96.0,97.0,94.0,83.0,71.0,1.0,78.0,74.0,80.0,83.0,74.0,0.0,71.0,96.0,88.0,94.0,20.0,20.0,51.0,97.0,0.0,15.0,45.0,78.0,94.0,95.0,87.0,56.0,0.0,0.0,0.0,0.0,45.0,25.0,20.0,0.0,44.0,75.0,95.0,85.0,96.0,72.0,0.0,15.0,78.0,20.0,20.0,20.0,15.0,35.0,0.0,93.0,32131.0,97.0,Eric Allen,CB,"Ht: 5' 10"" Wt: 190"
131,93.0,94.0,91.0,83.0,69.0,1.0,76.0,72.0,78.0,83.0,72.0,0.0,68.0,94.0,88.0,91.0,20.0,20.0,51.0,95.0,0.0,15.0,45.0,76.0,91.0,92.0,85.0,54.0,0.0,0.0,0.0,0.0,45.0,25.0,20.0,0.0,44.0,73.0,92.0,85.0,94.0,69.0,0.0,15.0,76.0,20.0,20.0,20.0,15.0,35.0,0.0,91.0,32132.0,94.0,Eric Allen,CB,"Ht: 5' 10"" Wt: 190"
132,94.0,95.0,87.0,83.0,68.0,0.0,75.0,70.0,76.0,83.0,71.0,0.0,67.0,92.0,88.0,92.0,20.0,20.0,51.0,94.0,0.0,15.0,45.0,74.0,87.0,91.0,84.0,53.0,0.0,0.0,0.0,0.0,45.0,25.0,20.0,0.0,44.0,71.0,93.0,85.0,92.0,67.0,0.0,15.0,75.0,20.0,20.0,20.0,15.0,35.0,1.0,89.0,32133.0,93.0,Eric Allen,CB,"Ht: 5' 10"" Wt: 190"
133,91.0,92.0,92.0,83.0,66.0,0.0,73.0,71.0,77.0,83.0,69.0,0.0,65.0,90.0,88.0,89.0,20.0,20.0,51.0,89.0,0.0,15.0,45.0,75.0,92.0,88.0,82.0,51.0,1.0,0.0,0.0,0.0,45.0,25.0,20.0,0.0,44.0,72.0,90.0,85.0,90.0,71.0,0.0,15.0,73.0,20.0,20.0,20.0,15.0,35.0,0.0,88.0,32134.0,91.0,Eric Allen,CB,"Ht: 5' 10"" Wt: 190"
134,94.0,95.0,83.0,83.0,65.0,0.0,72.0,68.0,74.0,83.0,68.0,0.0,64.0,88.0,88.0,92.0,20.0,20.0,51.0,90.0,0.0,15.0,45.0,72.0,83.0,87.0,81.0,50.0,0.0,0.0,0.0,0.0,45.0,25.0,20.0,1.0,44.0,69.0,93.0,85.0,88.0,65.0,0.0,15.0,72.0,20.0,20.0,20.0,15.0,35.0,0.0,83.0,32135.0,90.0,Eric Allen,CB,"Ht: 5' 10"" Wt: 190"
135,87.0,88.0,93.0,83.0,63.0,1.0,70.0,70.0,76.0,83.0,66.0,0.0,62.0,86.0,88.0,86.0,20.0,20.0,51.0,85.0,0.0,15.0,45.0,74.0,93.0,84.0,79.0,48.0,0.0,0.0,0.0,0.0,45.0,25.0,20.0,0.0,44.0,71.0,86.0,85.0,86.0,70.0,0.0,15.0,70.0,20.0,20.0,20.0,15.0,35.0,0.0,85.0,32136.0,88.0,Eric Allen,CB,"Ht: 5' 10"" Wt: 190"
136,96.0,93.0,95.0,70.0,74.0,0.0,78.0,88.0,94.0,72.0,72.0,0.0,72.0,96.0,74.0,89.0,25.0,25.0,25.0,87.0,0.0,20.0,45.0,85.0,95.0,82.0,93.0,70.0,0.0,1.0,0.0,0.0,45.0,25.0,35.0,0.0,48.0,88.0,94.0,71.0,96.0,78.0,0.0,20.0,78.0,25.0,25.0,25.0,20.0,66.0,1.0,96.0,32137.0,97.0,Paul Krause,FS,"Ht: 6' 3"" Wt: 200"
137,96.0,93.0,95.0,70.0,74.0,0.0,78.0,88.0,94.0,72.0,72.0,0.0,72.0,96.0,74.0,89.0,25.0,25.0,25.0,87.0,0.0,20.0,45.0,85.0,95.0,82.0,93.0,70.0,1.0,1.0,0.0,0.0,45.0,25.0,35.0,0.0,48.0,88.0,94.0,71.0,96.0,78.0,0.0,20.0,78.0,25.0,25.0,25.0,20.0,66.0,0.0,96.0,32138.0,97.0,Paul Krause,FS,"Ht: 6' 3"" Wt: 200"
138,96.0,93.0,95.0,70.0,74.0,0.0,78.0,88.0,94.0,72.0,72.0,0.0,72.0,96.0,74.0,89.0,25.0,25.0,25.0,87.0,0.0,20.0,45.0,85.0,95.0,82.0,93.0,70.0,0.0,1.0,0.0,0.0,45.0,25.0,35.0,1.0,48.0,88.0,94.0,71.0,96.0,78.0,0.0,20.0,78.0,25.0,25.0,25.0,20.0,66.0,0.0,96.0,32139.0,97.0,Paul Krause,FS,"Ht: 6' 3"" Wt: 200"
139,96.0,93.0,95.0,70.0,74.0,1.0,78.0,88.0,94.0,72.0,72.0,0.0,72.0,96.0,74.0,89.0,25.0,25.0,25.0,87.0,0.0,20.0,45.0,85.0,95.0,82.0,93.0,70.0,0.0,1.0,0.0,0.0,45.0,25.0,35.0,0.0,48.0,88.0,94.0,71.0,96.0,78.0,0.0,20.0,78.0,25.0,25.0,25.0,20.0,66.0,0.0,96.0,32140.0,97.0,Paul Krause,FS,"Ht: 6' 3"" Wt: 200"
140,80.0,81.0,83.0,76.0,25.0,0.0,68.0,81.0,84.0,76.0,20.0,0.0,70.0,79.0,74.0,86.0,22.0,22.0,26.0,25.0,1.0,,67.0,12.0,25.0,10.0,25.0,20.0,0.0,0.0,0.0,0.0,70.0,81.0,84.0,0.0,75.0,83.0,78.0,71.0,84.0,68.0,0.0,,56.0,10.0,15.0,30.0,10.0,66.0,0.0,25.0,32141.0,83.0,Kellen Winslow,TE,
141,82.0,84.0,95.0,82.0,19.0,0.0,74.0,53.0,60.0,70.0,20.0,0.0,40.0,95.0,75.0,79.0,20.0,22.0,28.0,10.0,0.0,95.0,15.0,42.0,22.0,10.0,27.0,20.0,0.0,0.0,0.0,0.0,15.0,15.0,37.0,0.0,62.0,64.0,80.0,81.0,96.0,83.0,0.0,94.0,40.0,90.0,94.0,94.0,85.0,54.0,1.0,24.0,32142.0,97.0,Warren Moon,QB,"Ht: 6' 3"" Wt: 221"
142,82.0,84.0,95.0,82.0,19.0,0.0,74.0,53.0,60.0,70.0,20.0,1.0,40.0,95.0,75.0,79.0,20.0,22.0,28.0,10.0,0.0,95.0,15.0,42.0,22.0,10.0,27.0,20.0,0.0,0.0,0.0,0.0,15.0,15.0,37.0,0.0,62.0,64.0,80.0,81.0,96.0,83.0,0.0,94.0,40.0,90.0,94.0,94.0,85.0,54.0,0.0,24.0,32143.0,97.0,Warren Moon,QB,"Ht: 6' 3"" Wt: 221"
143,82.0,84.0,95.0,82.0,19.0,0.0,74.0,53.0,60.0,70.0,20.0,0.0,40.0,95.0,75.0,79.0,20.0,22.0,28.0,10.0,1.0,95.0,15.0,42.0,22.0,10.0,27.0,20.0,0.0,0.0,0.0,0.0,15.0,15.0,37.0,0.0,62.0,64.0,80.0,81.0,96.0,83.0,0.0,94.0,40.0,90.0,94.0,94.0,85.0,54.0,0.0,24.0,32144.0,97.0,Warren Moon,QB,"Ht: 6' 3"" Wt: 221"
144,82.0,84.0,95.0,82.0,19.0,0.0,74.0,53.0,60.0,70.0,20.0,0.0,40.0,95.0,75.0,79.0,20.0,22.0,28.0,10.0,0.0,95.0,15.0,42.0,22.0,10.0,27.0,20.0,0.0,0.0,0.0,1.0,15.0,15.0,37.0,0.0,62.0,64.0,80.0,81.0,96.0,83.0,0.0,94.0,40.0,90.0,94.0,94.0,85.0,54.0,0.0,24.0,32145.0,97.0,Warren Moon,QB,"Ht: 6' 3"" Wt: 221"
145,80.0,82.0,90.0,79.0,19.0,0.0,72.0,53.0,58.0,68.0,20.0,1.0,40.0,93.0,72.0,76.0,20.0,22.0,27.0,10.0,0.0,92.0,15.0,42.0,22.0,10.0,27.0,20.0,0.0,0.0,0.0,0.0,15.0,15.0,37.0,0.0,60.0,64.0,78.0,79.0,94.0,80.0,0.0,91.0,39.0,87.0,91.0,91.0,82.0,52.0,0.0,24.0,32146.0,94.0,Warren Moon,QB,"Ht: 6' 3"" Wt: 221"
146,79.0,81.0,91.0,78.0,19.0,0.0,71.0,53.0,57.0,67.0,20.0,0.0,40.0,91.0,71.0,75.0,20.0,22.0,27.0,10.0,0.0,91.0,15.0,42.0,22.0,10.0,27.0,20.0,0.0,0.0,0.0,0.0,15.0,15.0,37.0,0.0,59.0,64.0,77.0,78.0,92.0,81.0,0.0,90.0,39.0,86.0,90.0,90.0,80.0,51.0,1.0,24.0,32147.0,93.0,Warren Moon,QB,"Ht: 6' 3"" Wt: 221"
147,76.0,78.0,93.0,77.0,19.0,0.0,70.0,53.0,56.0,66.0,20.0,0.0,40.0,89.0,70.0,73.0,20.0,22.0,26.0,10.0,1.0,90.0,15.0,42.0,22.0,10.0,27.0,20.0,0.0,0.0,0.0,0.0,15.0,15.0,37.0,0.0,58.0,64.0,74.0,77.0,90.0,82.0,0.0,89.0,38.0,85.0,89.0,87.0,78.0,50.0,0.0,24.0,32148.0,91.0,Warren Moon,QB,"Ht: 6' 3"" Wt: 221"
148,81.0,83.0,84.0,76.0,19.0,0.0,69.0,53.0,55.0,65.0,20.0,0.0,40.0,87.0,69.0,77.0,20.0,22.0,26.0,10.0,0.0,85.0,15.0,42.0,22.0,10.0,27.0,20.0,0.0,0.0,0.0,1.0,15.0,15.0,37.0,0.0,57.0,64.0,79.0,76.0,88.0,78.0,0.0,83.0,38.0,79.0,83.0,92.0,83.0,49.0,0.0,24.0,32149.0,90.0,Warren Moon,QB,"Ht: 6' 3"" Wt: 221"
149,73.0,75.0,94.0,75.0,19.0,0.0,68.0,53.0,54.0,64.0,20.0,1.0,40.0,85.0,68.0,71.0,20.0,22.0,26.0,10.0,0.0,88.0,15.0,42.0,22.0,10.0,27.0,20.0,0.0,0.0,0.0,0.0,15.0,15.0,37.0,0.0,56.0,64.0,71.0,75.0,86.0,82.0,0.0,85.0,38.0,81.0,85.0,84.0,76.0,48.0,0.0,24.0,32150.0,88.0,Warren Moon,QB,"Ht: 6' 3"" Wt: 221"
150,91.0,86.0,96.0,23.0,96.0,0.0,50.0,71.0,70.0,21.0,94.0,0.0,95.0,93.0,15.0,90.0,22.0,14.0,15.0,70.0,0.0,10.0,45.0,96.0,96.0,63.0,96.0,97.0,0.0,0.0,0.0,0.0,45.0,12.0,10.0,0.0,43.0,63.0,89.0,15.0,96.0,96.0,0.0,10.0,96.0,10.0,10.0,20.0,10.0,25.0,1.0,81.0,32151.0,97.0,Charles Haley,LOLB,"Ht: 6' 5"" Wt: 255"
151,91.0,86.0,96.0,23.0,96.0,0.0,50.0,71.0,70.0,21.0,94.0,0.0,95.0,93.0,15.0,90.0,22.0,14.0,15.0,70.0,0.0,10.0,45.0,96.0,96.0,63.0,96.0,97.0,1.0,0.0,0.0,0.0,45.0,12.0,10.0,0.0,43.0,63.0,89.0,15.0,96.0,96.0,0.0,10.0,96.0,10.0,10.0,20.0,10.0,25.0,0.0,81.0,32152.0,97.0,Charles Haley,LOLB,"Ht: 6' 5"" Wt: 255"
152,91.0,86.0,96.0,23.0,96.0,0.0,50.0,71.0,70.0,21.0,94.0,0.0,95.0,93.0,15.0,90.0,22.0,14.0,15.0,70.0,0.0,10.0,45.0,96.0,96.0,63.0,96.0,97.0,0.0,0.0,0.0,0.0,45.0,12.0,10.0,1.0,43.0,63.0,89.0,15.0,96.0,96.0,0.0,10.0,96.0,10.0,10.0,20.0,10.0,25.0,0.0,81.0,32153.0,97.0,Charles Haley,LOLB,"Ht: 6' 5"" Wt: 255"
153,91.0,86.0,96.0,23.0,96.0,1.0,50.0,71.0,70.0,21.0,94.0,0.0,95.0,93.0,15.0,90.0,22.0,14.0,15.0,70.0,0.0,10.0,45.0,96.0,96.0,63.0,96.0,97.0,0.0,0.0,0.0,0.0,45.0,12.0,10.0,0.0,43.0,63.0,89.0,15.0,96.0,96.0,0.0,10.0,96.0,10.0,10.0,20.0,10.0,25.0,0.0,81.0,32154.0,97.0,Charles Haley,LOLB,"Ht: 6' 5"" Wt: 255"
154,88.0,83.0,93.0,23.0,94.0,0.0,49.0,69.0,68.0,21.0,92.0,0.0,92.0,91.0,15.0,87.0,22.0,14.0,15.0,66.0,0.0,10.0,45.0,93.0,93.0,61.0,94.0,95.0,0.0,0.0,0.0,0.0,45.0,12.0,10.0,0.0,43.0,61.0,86.0,15.0,94.0,93.0,0.0,10.0,93.0,10.0,10.0,20.0,10.0,25.0,1.0,77.0,32155.0,94.0,Charles Haley,LOLB,"Ht: 6' 5"" Wt: 255"
155,85.0,80.0,93.0,23.0,90.0,0.0,49.0,68.0,67.0,21.0,84.0,0.0,90.0,89.0,15.0,84.0,22.0,14.0,15.0,63.0,0.0,10.0,45.0,90.0,93.0,59.0,92.0,91.0,1.0,0.0,0.0,0.0,45.0,12.0,10.0,0.0,43.0,60.0,83.0,15.0,92.0,91.0,0.0,10.0,91.0,10.0,10.0,20.0,10.0,25.0,0.0,74.0,32156.0,93.0,Charles Haley,RE,"Ht: 6' 5"" Wt: 255"
156,88.0,83.0,90.0,23.0,90.0,0.0,48.0,66.0,65.0,21.0,91.0,0.0,89.0,87.0,15.0,87.0,22.0,14.0,15.0,62.0,0.0,10.0,45.0,89.0,90.0,58.0,91.0,90.0,0.0,0.0,0.0,0.0,45.0,12.0,10.0,1.0,43.0,58.0,86.0,15.0,90.0,90.0,0.0,10.0,90.0,10.0,10.0,20.0,10.0,25.0,0.0,73.0,32157.0,91.0,Charles Haley,LOLB,"Ht: 6' 5"" Wt: 255"
157,88.0,83.0,88.0,23.0,89.0,1.0,48.0,65.0,64.0,21.0,90.0,0.0,88.0,85.0,15.0,87.0,22.0,14.0,15.0,61.0,0.0,10.0,45.0,88.0,88.0,57.0,90.0,90.0,0.0,0.0,0.0,0.0,45.0,12.0,10.0,0.0,43.0,57.0,86.0,15.0,88.0,89.0,0.0,10.0,89.0,10.0,10.0,20.0,10.0,25.0,0.0,72.0,32158.0,90.0,Charles Haley,LOLB,"Ht: 6' 5"" Wt: 255"
158,89.0,84.0,84.0,23.0,85.0,0.0,48.0,63.0,61.0,21.0,82.0,0.0,84.0,83.0,15.0,88.0,22.0,14.0,15.0,58.0,0.0,10.0,45.0,85.0,84.0,55.0,85.0,85.0,0.0,0.0,0.0,0.0,45.0,12.0,10.0,0.0,43.0,55.0,87.0,15.0,86.0,84.0,0.0,10.0,84.0,10.0,10.0,20.0,10.0,25.0,1.0,68.0,32159.0,88.0,Charles Haley,RE,"Ht: 6' 5"" Wt: 255"
159,83.0,71.0,94.0,15.0,20.0,0.0,64.0,62.0,65.0,15.0,10.0,0.0,92.0,96.0,14.0,83.0,20.0,21.0,10.0,12.0,0.0,,97.0,20.0,15.0,10.0,29.0,10.0,0.0,0.0,0.0,0.0,94.0,43.0,58.0,0.0,30.0,45.0,77.0,10.0,96.0,97.0,0.0,,44.0,,,30.0,,20.0,1.0,15.0,32160.0,97.0,Anthony Munoz,LT,"Ht: 6' 6"" Wt: 280"
160,83.0,71.0,94.0,15.0,20.0,0.0,64.0,62.0,65.0,15.0,10.0,1.0,92.0,96.0,14.0,83.0,20.0,21.0,10.0,12.0,0.0,,97.0,20.0,15.0,10.0,29.0,10.0,0.0,0.0,0.0,0.0,94.0,43.0,58.0,0.0,30.0,45.0,77.0,10.0,96.0,97.0,0.0,,44.0,,,30.0,,20.0,0.0,15.0,32161.0,97.0,Anthony Munoz,LT,"Ht: 6' 6"" Wt: 280"
161,83.0,71.0,94.0,15.0,20.0,0.0,64.0,62.0,65.0,15.0,10.0,0.0,92.0,96.0,14.0,83.0,20.0,21.0,10.0,12.0,1.0,,97.0,20.0,15.0,10.0,29.0,10.0,0.0,0.0,0.0,0.0,94.0,43.0,58.0,0.0,30.0,45.0,77.0,10.0,96.0,97.0,0.0,,44.0,,,30.0,,20.0,0.0,15.0,32162.0,97.0,Anthony Munoz,LT,"Ht: 6' 6"" Wt: 280"
162,83.0,71.0,94.0,15.0,20.0,0.0,64.0,62.0,65.0,15.0,10.0,0.0,92.0,96.0,14.0,83.0,20.0,21.0,10.0,12.0,0.0,,97.0,20.0,15.0,10.0,29.0,10.0,0.0,0.0,0.0,1.0,94.0,43.0,58.0,0.0,30.0,45.0,77.0,10.0,96.0,97.0,0.0,,44.0,,,30.0,,20.0,0.0,15.0,32163.0,97.0,Anthony Munoz,LT,"Ht: 6' 6"" Wt: 280"
163,70.0,72.0,80.0,74.0,19.0,0.0,66.0,53.0,53.0,63.0,20.0,0.0,40.0,81.0,66.0,69.0,20.0,22.0,25.0,10.0,0.0,81.0,15.0,42.0,22.0,10.0,27.0,20.0,0.0,0.0,0.0,0.0,15.0,15.0,37.0,0.0,55.0,64.0,68.0,73.0,82.0,76.0,0.0,81.0,36.0,77.0,81.0,80.0,74.0,47.0,1.0,24.0,32164.0,83.0,Warren Moon,QB,
164,96.0,94.0,95.0,95.0,40.0,0.0,70.0,92.0,97.0,94.0,10.0,0.0,48.0,98.0,94.0,98.0,15.0,20.0,62.0,13.0,0.0,15.0,42.0,15.0,29.0,15.0,40.0,10.0,0.0,0.0,1.0,0.0,55.0,98.0,97.0,0.0,83.0,98.0,97.0,94.0,98.0,65.0,0.0,10.0,42.0,15.0,20.0,50.0,15.0,64.0,1.0,27.0,32165.0,98.0,Randy Moss,WR,"Ht: 6' 4"" Wt: 210"
165,96.0,94.0,95.0,95.0,40.0,0.0,70.0,92.0,97.0,94.0,10.0,1.0,48.0,98.0,94.0,98.0,15.0,20.0,62.0,13.0,0.0,15.0,42.0,15.0,29.0,15.0,40.0,10.0,0.0,0.0,1.0,0.0,55.0,98.0,97.0,0.0,83.0,98.0,97.0,94.0,98.0,65.0,0.0,10.0,42.0,15.0,20.0,50.0,15.0,64.0,0.0,27.0,32166.0,98.0,Randy Moss,WR,"Ht: 6' 4"" Wt: 210"
166,96.0,94.0,95.0,95.0,40.0,0.0,70.0,92.0,97.0,94.0,10.0,0.0,48.0,98.0,94.0,98.0,15.0,20.0,62.0,13.0,1.0,15.0,42.0,15.0,29.0,15.0,40.0,10.0,0.0,0.0,1.0,0.0,55.0,98.0,97.0,0.0,83.0,98.0,97.0,94.0,98.0,65.0,0.0,10.0,42.0,15.0,20.0,50.0,15.0,64.0,0.0,27.0,32167.0,98.0,Randy Moss,WR,"Ht: 6' 4"" Wt: 210"
167,96.0,94.0,95.0,95.0,40.0,0.0,70.0,92.0,97.0,94.0,10.0,0.0,48.0,98.0,94.0,98.0,15.0,20.0,62.0,13.0,0.0,15.0,42.0,15.0,29.0,15.0,40.0,10.0,0.0,0.0,1.0,1.0,55.0,98.0,97.0,0.0,83.0,98.0,97.0,94.0,98.0,65.0,0.0,10.0,42.0,15.0,20.0,50.0,15.0,64.0,0.0,27.0,32168.0,98.0,Randy Moss,WR,"Ht: 6' 4"" Wt: 210"
168,94.0,92.0,91.0,93.0,40.0,0.0,68.0,89.0,95.0,91.0,10.0,1.0,46.0,96.0,92.0,96.0,15.0,20.0,60.0,13.0,0.0,15.0,40.0,15.0,29.0,15.0,40.0,10.0,0.0,0.0,1.0,0.0,52.0,95.0,94.0,0.0,81.0,96.0,95.0,92.0,96.0,62.0,0.0,10.0,41.0,15.0,20.0,50.0,15.0,61.0,0.0,27.0,32169.0,95.0,Randy Moss,WR,"Ht: 6' 4"" Wt: 210"
169,92.0,92.0,92.0,92.0,40.0,0.0,67.0,88.0,94.0,88.0,10.0,0.0,45.0,94.0,91.0,94.0,15.0,20.0,59.0,13.0,1.0,15.0,39.0,15.0,29.0,15.0,40.0,10.0,0.0,0.0,1.0,0.0,51.0,95.0,94.0,0.0,80.0,95.0,93.0,91.0,94.0,63.0,0.0,10.0,41.0,15.0,20.0,50.0,15.0,61.0,0.0,27.0,32170.0,94.0,Randy Moss,WR,"Ht: 6' 4"" Wt: 210"
170,94.0,92.0,87.0,90.0,40.0,0.0,66.0,84.0,91.0,90.0,10.0,0.0,44.0,92.0,89.0,96.0,15.0,20.0,58.0,13.0,0.0,15.0,38.0,15.0,29.0,15.0,40.0,10.0,0.0,0.0,1.0,0.0,49.0,91.0,90.0,0.0,78.0,93.0,95.0,89.0,92.0,61.0,0.0,10.0,40.0,15.0,20.0,50.0,15.0,60.0,1.0,27.0,32171.0,92.0,Randy Moss,WR,"Ht: 6' 4"" Wt: 210"
171,94.0,92.0,83.0,89.0,40.0,0.0,65.0,83.0,89.0,90.0,10.0,0.0,43.0,90.0,88.0,96.0,15.0,20.0,57.0,13.0,0.0,15.0,37.0,15.0,29.0,15.0,40.0,10.0,0.0,0.0,1.0,1.0,48.0,90.0,89.0,0.0,77.0,92.0,95.0,88.0,90.0,60.0,0.0,10.0,40.0,15.0,20.0,50.0,15.0,60.0,0.0,27.0,32172.0,91.0,Randy Moss,WR,"Ht: 6' 4"" Wt: 210"
172,92.0,91.0,91.0,86.0,40.0,0.0,64.0,80.0,88.0,88.0,10.0,1.0,42.0,88.0,86.0,94.0,15.0,20.0,56.0,13.0,0.0,15.0,36.0,15.0,29.0,15.0,40.0,10.0,0.0,0.0,1.0,0.0,46.0,87.0,83.0,0.0,75.0,88.0,93.0,86.0,88.0,63.0,0.0,10.0,40.0,15.0,20.0,50.0,15.0,61.0,0.0,27.0,32173.0,89.0,Randy Moss,WR,"Ht: 6' 4"" Wt: 210"
173,95.0,97.0,97.0,93.0,72.0,0.0,72.0,82.0,91.0,92.0,83.0,0.0,67.0,92.0,91.0,95.0,20.0,20.0,50.0,88.0,0.0,15.0,45.0,92.0,97.0,82.0,97.0,60.0,0.0,1.0,0.0,0.0,45.0,20.0,20.0,0.0,46.0,88.0,96.0,89.0,98.0,74.0,0.0,15.0,77.0,20.0,20.0,20.0,15.0,56.0,1.0,98.0,32174.0,98.0,Ed Reed,SS,"Ht: 5' 11"" Wt: 200"
174,95.0,97.0,97.0,93.0,72.0,0.0,72.0,82.0,91.0,92.0,83.0,0.0,67.0,92.0,91.0,95.0,20.0,20.0,50.0,88.0,0.0,15.0,45.0,92.0,97.0,82.0,97.0,60.0,1.0,1.0,0.0,0.0,45.0,20.0,20.0,0.0,46.0,88.0,96.0,89.0,98.0,74.0,0.0,15.0,77.0,20.0,20.0,20.0,15.0,56.0,0.0,98.0,32175.0,98.0,Ed Reed,SS,"Ht: 5' 11"" Wt: 200"
175,95.0,97.0,97.0,93.0,72.0,0.0,72.0,82.0,91.0,92.0,83.0,0.0,67.0,92.0,91.0,95.0,20.0,20.0,50.0,88.0,0.0,15.0,45.0,92.0,97.0,82.0,97.0,60.0,0.0,1.0,0.0,0.0,45.0,20.0,20.0,1.0,46.0,88.0,96.0,89.0,98.0,74.0,0.0,15.0,77.0,20.0,20.0,20.0,15.0,56.0,0.0,98.0,32176.0,98.0,Ed Reed,SS,"Ht: 5' 11"" Wt: 200"
176,95.0,97.0,97.0,93.0,72.0,1.0,72.0,82.0,91.0,92.0,83.0,0.0,67.0,92.0,91.0,95.0,20.0,20.0,50.0,88.0,0.0,15.0,45.0,92.0,97.0,82.0,97.0,60.0,0.0,1.0,0.0,0.0,45.0,20.0,20.0,0.0,46.0,88.0,96.0,89.0,98.0,74.0,0.0,15.0,77.0,20.0,20.0,20.0,15.0,56.0,0.0,98.0,32177.0,98.0,Ed Reed,SS,"Ht: 5' 11"" Wt: 200"
177,92.0,94.0,91.0,93.0,70.0,0.0,69.0,79.0,88.0,92.0,81.0,0.0,64.0,90.0,91.0,92.0,20.0,20.0,50.0,86.0,0.0,15.0,45.0,90.0,92.0,80.0,95.0,58.0,1.0,1.0,0.0,0.0,45.0,20.0,20.0,0.0,46.0,85.0,93.0,89.0,96.0,70.0,0.0,15.0,76.0,20.0,20.0,20.0,15.0,56.0,0.0,95.0,32178.0,95.0,Ed Reed,SS,"Ht: 5' 11"" Wt: 200"
178,91.0,93.0,93.0,93.0,68.0,0.0,68.0,78.0,87.0,92.0,79.0,0.0,63.0,88.0,91.0,91.0,20.0,20.0,50.0,84.0,0.0,15.0,45.0,88.0,93.0,78.0,93.0,56.0,0.0,1.0,0.0,0.0,45.0,20.0,20.0,1.0,46.0,84.0,92.0,89.0,94.0,71.0,0.0,15.0,73.0,20.0,20.0,20.0,15.0,56.0,0.0,94.0,32179.0,94.0,Ed Reed,FS,"Ht: 5' 11"" Wt: 200"
179,89.0,91.0,94.0,93.0,66.0,0.0,67.0,76.0,85.0,92.0,77.0,0.0,62.0,86.0,91.0,89.0,20.0,20.0,50.0,80.0,0.0,15.0,45.0,85.0,94.0,76.0,91.0,54.0,0.0,1.0,0.0,0.0,45.0,20.0,20.0,0.0,46.0,81.0,90.0,89.0,92.0,72.0,0.0,15.0,71.0,20.0,20.0,20.0,15.0,56.0,1.0,92.0,32180.0,92.0,Ed Reed,FS,"Ht: 5' 11"" Wt: 200"
180,88.0,90.0,95.0,93.0,65.0,1.0,66.0,75.0,84.0,92.0,76.0,0.0,61.0,84.0,91.0,88.0,20.0,20.0,50.0,77.0,0.0,15.0,45.0,82.0,95.0,75.0,90.0,53.0,0.0,1.0,0.0,0.0,45.0,20.0,20.0,0.0,46.0,80.0,89.0,89.0,90.0,72.0,0.0,15.0,70.0,20.0,20.0,20.0,15.0,56.0,0.0,91.0,32181.0,91.0,Ed Reed,FS,"Ht: 5' 11"" Wt: 200"
181,92.0,94.0,88.0,93.0,63.0,0.0,65.0,73.0,82.0,92.0,74.0,0.0,60.0,82.0,91.0,92.0,20.0,20.0,50.0,78.0,0.0,15.0,45.0,79.0,88.0,72.0,88.0,51.0,1.0,1.0,0.0,0.0,45.0,20.0,20.0,0.0,46.0,78.0,93.0,89.0,88.0,68.0,0.0,15.0,68.0,20.0,20.0,20.0,15.0,56.0,0.0,89.0,32182.0,89.0,Ed Reed,SS,"Ht: 5' 11"" Wt: 200"
182,94.0,87.0,97.0,56.0,90.0,0.0,66.0,78.0,82.0,48.0,72.0,0.0,89.0,98.0,56.0,91.0,20.0,20.0,36.0,84.0,0.0,20.0,45.0,96.0,97.0,82.0,97.0,76.0,0.0,0.0,0.0,0.0,45.0,20.0,25.0,0.0,64.0,77.0,91.0,36.0,96.0,90.0,0.0,20.0,97.0,25.0,25.0,25.0,20.0,66.0,1.0,92.0,32183.0,98.0,Willie Lanier,MLB,"Ht: 6' 1"" Wt: 245"
183,94.0,87.0,97.0,56.0,90.0,0.0,66.0,78.0,82.0,48.0,72.0,0.0,89.0,98.0,56.0,91.0,20.0,20.0,36.0,84.0,0.0,20.0,45.0,96.0,97.0,82.0,97.0,76.0,1.0,0.0,0.0,0.0,45.0,20.0,25.0,0.0,64.0,77.0,91.0,36.0,96.0,90.0,0.0,20.0,97.0,25.0,25.0,25.0,20.0,66.0,0.0,92.0,32184.0,98.0,Willie Lanier,MLB,"Ht: 6' 1"" Wt: 245"
184,94.0,87.0,97.0,56.0,90.0,0.0,66.0,78.0,82.0,48.0,72.0,0.0,89.0,98.0,56.0,91.0,20.0,20.0,36.0,84.0,0.0,20.0,45.0,96.0,97.0,82.0,97.0,76.0,0.0,0.0,0.0,0.0,45.0,20.0,25.0,1.0,64.0,77.0,91.0,36.0,96.0,90.0,0.0,20.0,97.0,25.0,25.0,25.0,20.0,66.0,0.0,92.0,32185.0,98.0,Willie Lanier,MLB,"Ht: 6' 1"" Wt: 245"
185,94.0,87.0,97.0,56.0,90.0,1.0,66.0,78.0,82.0,48.0,72.0,0.0,89.0,98.0,56.0,91.0,20.0,20.0,36.0,84.0,0.0,20.0,45.0,96.0,97.0,82.0,97.0,76.0,0.0,0.0,0.0,0.0,45.0,20.0,25.0,0.0,64.0,77.0,91.0,36.0,96.0,90.0,0.0,20.0,97.0,25.0,25.0,25.0,20.0,66.0,0.0,92.0,32186.0,98.0,Willie Lanier,MLB,"Ht: 6' 1"" Wt: 245"
186,87.0,86.0,80.0,83.0,40.0,0.0,62.0,76.0,84.0,84.0,10.0,1.0,41.0,84.0,83.0,89.0,15.0,20.0,54.0,13.0,0.0,15.0,35.0,15.0,29.0,15.0,40.0,10.0,0.0,0.0,0.0,0.0,45.0,81.0,78.0,0.0,72.0,84.0,88.0,83.0,84.0,58.0,0.0,10.0,39.0,15.0,20.0,50.0,15.0,58.0,0.0,27.0,32187.0,84.0,Randy Moss,WR,
187,81.0,58.0,96.0,32.0,20.0,0.0,55.0,50.0,56.0,28.0,20.0,0.0,98.0,98.0,20.0,49.0,20.0,20.0,15.0,20.0,0.0,15.0,96.0,62.0,25.0,20.0,20.0,20.0,0.0,0.0,0.0,0.0,98.0,38.0,43.0,0.0,67.0,41.0,60.0,23.0,90.0,97.0,0.0,15.0,25.0,15.0,15.0,25.0,15.0,62.0,1.0,20.0,32188.0,98.0,Will Shields,RG,"Ht: 6' 3"" Wt: 315"
188,81.0,58.0,96.0,32.0,20.0,0.0,55.0,50.0,56.0,28.0,20.0,1.0,98.0,98.0,20.0,49.0,20.0,20.0,15.0,20.0,0.0,15.0,96.0,62.0,25.0,20.0,20.0,20.0,0.0,0.0,0.0,0.0,98.0,38.0,43.0,0.0,67.0,41.0,60.0,23.0,90.0,97.0,0.0,15.0,25.0,15.0,15.0,25.0,15.0,62.0,0.0,20.0,32189.0,98.0,Will Shields,RG,"Ht: 6' 3"" Wt: 315"
189,81.0,58.0,96.0,32.0,20.0,0.0,55.0,50.0,56.0,28.0,20.0,0.0,98.0,98.0,20.0,49.0,20.0,20.0,15.0,20.0,1.0,15.0,96.0,62.0,25.0,20.0,20.0,20.0,0.0,0.0,0.0,0.0,98.0,38.0,43.0,0.0,67.0,41.0,60.0,23.0,90.0,97.0,0.0,15.0,25.0,15.0,15.0,25.0,15.0,62.0,0.0,20.0,32190.0,98.0,Will Shields,RG,"Ht: 6' 3"" Wt: 315"
190,81.0,58.0,96.0,32.0,20.0,0.0,55.0,50.0,56.0,28.0,20.0,0.0,98.0,98.0,20.0,49.0,20.0,20.0,15.0,20.0,0.0,15.0,96.0,62.0,25.0,20.0,20.0,20.0,0.0,0.0,0.0,1.0,98.0,38.0,43.0,0.0,67.0,41.0,60.0,23.0,90.0,97.0,0.0,15.0,25.0,15.0,15.0,25.0,15.0,62.0,0.0,20.0,32191.0,98.0,Will Shields,RG,"Ht: 6' 3"" Wt: 315"
191,79.0,56.0,93.0,32.0,20.0,0.0,54.0,50.0,55.0,28.0,20.0,0.0,95.0,96.0,20.0,45.0,20.0,20.0,15.0,20.0,0.0,15.0,93.0,62.0,25.0,20.0,20.0,20.0,0.0,0.0,0.0,0.0,95.0,38.0,43.0,0.0,67.0,41.0,58.0,23.0,88.0,95.0,0.0,15.0,24.0,15.0,15.0,25.0,15.0,62.0,1.0,20.0,32192.0,95.0,Will Shields,RG,"Ht: 6' 3"" Wt: 315"
192,78.0,55.0,93.0,32.0,20.0,0.0,53.0,50.0,54.0,28.0,20.0,0.0,94.0,94.0,20.0,45.0,20.0,20.0,15.0,20.0,0.0,15.0,92.0,62.0,25.0,20.0,20.0,20.0,0.0,0.0,0.0,1.0,94.0,38.0,43.0,0.0,67.0,41.0,57.0,23.0,86.0,94.0,0.0,15.0,23.0,15.0,15.0,25.0,15.0,62.0,0.0,20.0,32193.0,94.0,Will Shields,RG,"Ht: 6' 3"" Wt: 315"
193,76.0,53.0,94.0,32.0,20.0,0.0,52.0,50.0,53.0,28.0,20.0,1.0,92.0,92.0,20.0,45.0,20.0,20.0,15.0,20.0,0.0,15.0,90.0,62.0,25.0,20.0,20.0,20.0,0.0,0.0,0.0,0.0,92.0,38.0,43.0,0.0,67.0,41.0,55.0,23.0,84.0,92.0,0.0,15.0,22.0,15.0,15.0,25.0,15.0,62.0,0.0,20.0,32194.0,92.0,Will Shields,RG,"Ht: 6' 3"" Wt: 315"
194,80.0,57.0,88.0,32.0,20.0,0.0,51.0,50.0,52.0,28.0,20.0,0.0,92.0,90.0,20.0,45.0,20.0,20.0,15.0,20.0,1.0,15.0,89.0,62.0,25.0,20.0,20.0,20.0,0.0,0.0,0.0,0.0,92.0,38.0,43.0,0.0,67.0,41.0,59.0,23.0,82.0,87.0,0.0,15.0,21.0,15.0,15.0,25.0,15.0,62.0,0.0,20.0,32195.0,91.0,Will Shields,RG,"Ht: 6' 3"" Wt: 315"
195,80.0,57.0,85.0,32.0,20.0,0.0,50.0,50.0,51.0,28.0,20.0,0.0,90.0,88.0,20.0,45.0,20.0,20.0,15.0,20.0,0.0,15.0,88.0,62.0,25.0,20.0,20.0,20.0,0.0,0.0,0.0,0.0,90.0,38.0,43.0,0.0,67.0,41.0,59.0,23.0,80.0,85.0,0.0,15.0,20.0,15.0,15.0,25.0,15.0,62.0,1.0,20.0,32196.0,89.0,Will Shields,RG,"Ht: 6' 3"" Wt: 315"
196,90.0,78.0,95.0,62.0,90.0,0.0,67.0,38.0,40.0,53.0,97.0,0.0,90.0,97.0,42.0,76.0,20.0,20.0,15.0,40.0,0.0,15.0,45.0,92.0,95.0,38.0,96.0,93.0,0.0,0.0,0.0,0.0,45.0,10.0,10.0,0.0,74.0,30.0,85.0,46.0,96.0,94.0,0.0,15.0,95.0,20.0,20.0,20.0,15.0,67.0,1.0,58.0,32197.0,98.0,John Randle,DT,"Ht: 6' 1"" Wt: 290"
197,90.0,78.0,95.0,62.0,90.0,0.0,67.0,38.0,40.0,53.0,97.0,0.0,90.0,97.0,42.0,76.0,20.0,20.0,15.0,40.0,0.0,15.0,45.0,92.0,95.0,38.0,96.0,93.0,1.0,0.0,0.0,0.0,45.0,10.0,10.0,0.0,74.0,30.0,85.0,46.0,96.0,94.0,0.0,15.0,95.0,20.0,20.0,20.0,15.0,67.0,0.0,58.0,32198.0,98.0,John Randle,DT,"Ht: 6' 1"" Wt: 290"
198,90.0,78.0,95.0,62.0,90.0,0.0,67.0,38.0,40.0,53.0,97.0,0.0,90.0,97.0,42.0,76.0,20.0,20.0,15.0,40.0,0.0,15.0,45.0,92.0,95.0,38.0,96.0,93.0,0.0,0.0,0.0,0.0,45.0,10.0,10.0,1.0,74.0,30.0,85.0,46.0,96.0,94.0,0.0,15.0,95.0,20.0,20.0,20.0,15.0,67.0,0.0,58.0,32199.0,98.0,John Randle,DT,"Ht: 6' 1"" Wt: 290"
199,90.0,78.0,95.0,62.0,90.0,1.0,67.0,38.0,40.0,53.0,97.0,0.0,90.0,97.0,42.0,76.0,20.0,20.0,15.0,40.0,0.0,15.0,45.0,92.0,95.0,38.0,96.0,93.0,0.0,0.0,0.0,0.0,45.0,10.0,10.0,0.0,74.0,30.0,85.0,46.0,96.0,94.0,0.0,15.0,95.0,20.0,20.0,20.0,15.0,67.0,0.0,58.0,32200.0,98.0,John Randle,DT,"Ht: 6' 1"" Wt: 290"
200,87.0,75.0,90.0,62.0,88.0,1.0,65.0,36.0,38.0,53.0,94.0,0.0,87.0,95.0,42.0,73.0,20.0,20.0,15.0,38.0,0.0,15.0,45.0,89.0,90.0,36.0,93.0,90.0,0.0,0.0,0.0,0.0,45.0,10.0,10.0,0.0,74.0,28.0,82.0,46.0,94.0,91.0,0.0,15.0,92.0,20.0,20.0,20.0,15.0,67.0,0.0,56.0,32201.0,95.0,John Randle,DT,"Ht: 6' 1"" Wt: 290"
201,86.0,74.0,91.0,62.0,87.0,0.0,64.0,35.0,37.0,53.0,93.0,0.0,86.0,93.0,42.0,72.0,20.0,20.0,15.0,37.0,0.0,15.0,45.0,88.0,91.0,35.0,92.0,89.0,0.0,0.0,0.0,0.0,45.0,10.0,10.0,0.0,74.0,27.0,81.0,46.0,92.0,90.0,0.0,15.0,91.0,20.0,20.0,20.0,15.0,67.0,1.0,55.0,32202.0,94.0,John Randle,DT,"Ht: 6' 1"" Wt: 290"
202,85.0,73.0,92.0,62.0,85.0,0.0,63.0,34.0,36.0,53.0,91.0,0.0,84.0,91.0,42.0,71.0,20.0,20.0,15.0,36.0,0.0,15.0,45.0,86.0,92.0,34.0,90.0,87.0,0.0,0.0,0.0,0.0,45.0,10.0,10.0,1.0,74.0,26.0,80.0,46.0,90.0,89.0,0.0,15.0,89.0,20.0,20.0,20.0,15.0,67.0,0.0,54.0,32203.0,92.0,John Randle,DT,"Ht: 6' 1"" Wt: 290"
203,83.0,71.0,93.0,62.0,84.0,0.0,62.0,33.0,35.0,53.0,90.0,0.0,83.0,89.0,42.0,69.0,20.0,20.0,15.0,35.0,0.0,15.0,45.0,85.0,93.0,33.0,89.0,86.0,1.0,0.0,0.0,0.0,45.0,10.0,10.0,0.0,74.0,25.0,78.0,46.0,88.0,88.0,0.0,15.0,88.0,20.0,20.0,20.0,15.0,67.0,0.0,53.0,32204.0,91.0,John Randle,DT,"Ht: 6' 1"" Wt: 290"
204,88.0,76.0,85.0,62.0,83.0,1.0,61.0,32.0,34.0,53.0,89.0,0.0,81.0,87.0,42.0,74.0,20.0,20.0,15.0,34.0,0.0,15.0,45.0,84.0,85.0,32.0,87.0,85.0,0.0,0.0,0.0,0.0,45.0,10.0,10.0,0.0,74.0,24.0,83.0,46.0,86.0,84.0,0.0,15.0,86.0,20.0,20.0,20.0,15.0,67.0,0.0,52.0,32205.0,89.0,John Randle,DT,"Ht: 6' 1"" Wt: 290"
205,98.0,94.0,94.0,90.0,15.0,0.0,75.0,95.0,96.0,93.0,15.0,0.0,58.0,93.0,96.0,95.0,20.0,20.0,66.0,40.0,0.0,25.0,60.0,15.0,25.0,25.0,15.0,15.0,0.0,0.0,1.0,0.0,69.0,95.0,97.0,0.0,62.0,95.0,95.0,93.0,94.0,68.0,0.0,25.0,40.0,29.0,33.0,38.0,35.0,70.0,1.0,45.0,32206.0,98.0,Andre Reed,WR,"Ht: 6' 2"" Wt: 190"
206,98.0,94.0,94.0,90.0,15.0,0.0,75.0,95.0,96.0,93.0,15.0,1.0,58.0,93.0,96.0,95.0,20.0,20.0,66.0,40.0,0.0,25.0,60.0,15.0,25.0,25.0,15.0,15.0,0.0,0.0,1.0,0.0,69.0,95.0,97.0,0.0,62.0,95.0,95.0,93.0,94.0,68.0,0.0,25.0,40.0,29.0,33.0,38.0,35.0,70.0,0.0,45.0,32207.0,98.0,Andre Reed,WR,"Ht: 6' 2"" Wt: 190"
207,98.0,94.0,94.0,90.0,15.0,0.0,75.0,95.0,96.0,93.0,15.0,0.0,58.0,93.0,96.0,95.0,20.0,20.0,66.0,40.0,1.0,25.0,60.0,15.0,25.0,25.0,15.0,15.0,0.0,0.0,1.0,0.0,69.0,95.0,97.0,0.0,62.0,95.0,95.0,93.0,94.0,68.0,0.0,25.0,40.0,29.0,33.0,38.0,35.0,70.0,0.0,45.0,32208.0,98.0,Andre Reed,WR,"Ht: 6' 2"" Wt: 190"
208,98.0,94.0,94.0,90.0,15.0,0.0,75.0,95.0,96.0,93.0,15.0,0.0,58.0,93.0,96.0,95.0,20.0,20.0,66.0,40.0,0.0,25.0,60.0,15.0,25.0,25.0,15.0,15.0,0.0,0.0,1.0,1.0,69.0,95.0,97.0,0.0,62.0,95.0,95.0,93.0,94.0,68.0,0.0,25.0,40.0,29.0,33.0,38.0,35.0,70.0,0.0,45.0,32209.0,98.0,Andre Reed,WR,"Ht: 6' 2"" Wt: 190"
209,81.0,69.0,80.0,62.0,77.0,0.0,59.0,30.0,32.0,53.0,84.0,0.0,78.0,83.0,42.0,66.0,20.0,20.0,15.0,32.0,0.0,15.0,45.0,78.0,80.0,30.0,81.0,80.0,0.0,0.0,0.0,0.0,45.0,10.0,10.0,1.0,74.0,22.0,76.0,46.0,82.0,82.0,0.0,15.0,82.0,20.0,20.0,20.0,15.0,67.0,0.0,50.0,32210.0,84.0,John Randle,DT,
210,98.0,99.0,96.0,98.0,30.0,0.0,96.0,81.0,85.0,98.0,22.0,0.0,52.0,98.0,99.0,93.0,35.0,35.0,84.0,35.0,0.0,15.0,75.0,35.0,35.0,15.0,35.0,35.0,0.0,0.0,0.0,0.0,62.0,77.0,83.0,0.0,89.0,78.0,98.0,99.0,98.0,79.0,0.0,15.0,52.0,15.0,15.0,40.0,15.0,80.0,1.0,36.0,32211.0,98.0,Barry Sanders,HB,"Ht: 5' 8"" Wt: 203"
211,98.0,99.0,96.0,98.0,30.0,0.0,96.0,81.0,85.0,98.0,22.0,1.0,52.0,98.0,99.0,93.0,35.0,35.0,84.0,35.0,0.0,15.0,75.0,35.0,35.0,15.0,35.0,35.0,0.0,0.0,0.0,0.0,62.0,77.0,83.0,0.0,89.0,78.0,98.0,99.0,98.0,79.0,0.0,15.0,52.0,15.0,15.0,40.0,15.0,80.0,0.0,36.0,32212.0,98.0,Barry Sanders,HB,"Ht: 5' 8"" Wt: 203"
212,98.0,99.0,96.0,98.0,30.0,0.0,96.0,81.0,85.0,98.0,22.0,0.0,52.0,98.0,99.0,93.0,35.0,35.0,84.0,35.0,1.0,15.0,75.0,35.0,35.0,15.0,35.0,35.0,0.0,0.0,0.0,0.0,62.0,77.0,83.0,0.0,89.0,78.0,98.0,99.0,98.0,79.0,0.0,15.0,52.0,15.0,15.0,40.0,15.0,80.0,0.0,36.0,32213.0,98.0,Barry Sanders,HB,"Ht: 5' 8"" Wt: 203"
213,98.0,99.0,96.0,98.0,30.0,0.0,96.0,81.0,85.0,98.0,22.0,0.0,52.0,98.0,99.0,93.0,35.0,35.0,84.0,35.0,0.0,15.0,75.0,35.0,35.0,15.0,35.0,35.0,0.0,0.0,0.0,1.0,62.0,77.0,83.0,0.0,89.0,78.0,98.0,99.0,98.0,79.0,0.0,15.0,52.0,15.0,15.0,40.0,15.0,80.0,0.0,36.0,32214.0,98.0,Barry Sanders,HB,"Ht: 5' 8"" Wt: 203"
214,95.0,95.0,94.0,95.0,30.0,0.0,94.0,79.0,82.0,96.0,22.0,0.0,50.0,96.0,96.0,90.0,35.0,35.0,81.0,35.0,1.0,15.0,73.0,35.0,35.0,15.0,35.0,35.0,0.0,0.0,0.0,0.0,60.0,75.0,81.0,0.0,86.0,75.0,94.0,96.0,96.0,76.0,0.0,15.0,50.0,15.0,15.0,40.0,15.0,77.0,0.0,36.0,32215.0,95.0,Barry Sanders,HB,"Ht: 5' 8"" Wt: 203"
215,93.0,93.0,95.0,95.0,30.0,0.0,93.0,78.0,81.0,95.0,22.0,0.0,49.0,94.0,95.0,88.0,35.0,35.0,80.0,35.0,0.0,15.0,72.0,35.0,35.0,15.0,35.0,35.0,0.0,0.0,0.0,0.0,59.0,74.0,80.0,0.0,85.0,74.0,92.0,95.0,94.0,77.0,0.0,15.0,50.0,15.0,15.0,40.0,15.0,76.0,1.0,36.0,32216.0,94.0,Barry Sanders,HB,"Ht: 5' 8"" Wt: 203"
216,95.0,95.0,91.0,92.0,30.0,0.0,91.0,76.0,78.0,92.0,22.0,0.0,47.0,92.0,93.0,90.0,35.0,35.0,78.0,35.0,0.0,15.0,70.0,35.0,35.0,15.0,35.0,35.0,0.0,0.0,0.0,1.0,57.0,72.0,78.0,0.0,83.0,72.0,94.0,93.0,92.0,73.0,0.0,15.0,49.0,15.0,15.0,40.0,15.0,72.0,0.0,36.0,32217.0,92.0,Barry Sanders,HB,"Ht: 5' 8"" Wt: 203"
217,95.0,95.0,89.0,90.0,30.0,0.0,89.0,75.0,77.0,91.0,22.0,1.0,46.0,90.0,92.0,90.0,35.0,35.0,77.0,35.0,0.0,15.0,69.0,35.0,35.0,15.0,35.0,35.0,0.0,0.0,0.0,0.0,56.0,71.0,77.0,0.0,82.0,71.0,94.0,92.0,90.0,71.0,0.0,15.0,49.0,15.0,15.0,40.0,15.0,71.0,0.0,36.0,32218.0,91.0,Barry Sanders,HB,"Ht: 5' 8"" Wt: 203"
218,96.0,96.0,87.0,87.0,30.0,0.0,86.0,73.0,74.0,88.0,22.0,0.0,44.0,88.0,90.0,91.0,35.0,35.0,74.0,35.0,1.0,15.0,67.0,35.0,35.0,15.0,35.0,35.0,0.0,0.0,0.0,0.0,54.0,69.0,75.0,0.0,79.0,69.0,95.0,90.0,88.0,69.0,0.0,15.0,49.0,15.0,15.0,40.0,15.0,68.0,0.0,36.0,32219.0,89.0,Barry Sanders,HB,"Ht: 5' 8"" Wt: 203"
219,98.0,99.0,93.0,92.0,80.0,0.0,75.0,73.0,84.0,93.0,75.0,0.0,83.0,98.0,93.0,98.0,35.0,35.0,98.0,97.0,0.0,15.0,45.0,86.0,93.0,85.0,94.0,65.0,0.0,1.0,0.0,0.0,45.0,45.0,45.0,0.0,76.0,76.0,98.0,90.0,98.0,78.0,0.0,15.0,89.0,15.0,15.0,45.0,15.0,72.0,1.0,96.0,32220.0,98.0,Rod Woodson,CB,"Ht: 6' 0"" Wt: 205"
220,98.0,99.0,93.0,92.0,80.0,0.0,75.0,73.0,84.0,93.0,75.0,0.0,83.0,98.0,93.0,98.0,35.0,35.0,98.0,97.0,0.0,15.0,45.0,86.0,93.0,85.0,94.0,65.0,1.0,1.0,0.0,0.0,45.0,45.0,45.0,0.0,76.0,76.0,98.0,90.0,98.0,78.0,0.0,15.0,89.0,15.0,15.0,45.0,15.0,72.0,0.0,96.0,32221.0,98.0,Rod Woodson,CB,"Ht: 6' 0"" Wt: 205"
221,98.0,99.0,93.0,92.0,80.0,0.0,75.0,73.0,84.0,93.0,75.0,0.0,83.0,98.0,93.0,98.0,35.0,35.0,98.0,97.0,0.0,15.0,45.0,86.0,93.0,85.0,94.0,65.0,0.0,1.0,0.0,0.0,45.0,45.0,45.0,1.0,76.0,76.0,98.0,90.0,98.0,78.0,0.0,15.0,89.0,15.0,15.0,45.0,15.0,72.0,0.0,96.0,32222.0,98.0,Rod Woodson,CB,"Ht: 6' 0"" Wt: 205"
222,98.0,99.0,93.0,92.0,80.0,1.0,75.0,73.0,84.0,93.0,75.0,0.0,83.0,98.0,93.0,98.0,35.0,35.0,98.0,97.0,0.0,15.0,45.0,86.0,93.0,85.0,94.0,65.0,0.0,1.0,0.0,0.0,45.0,45.0,45.0,0.0,76.0,76.0,98.0,90.0,98.0,78.0,0.0,15.0,89.0,15.0,15.0,45.0,15.0,72.0,0.0,96.0,32223.0,98.0,Rod Woodson,CB,"Ht: 6' 0"" Wt: 205"
223,95.0,95.0,90.0,92.0,77.0,1.0,72.0,70.0,81.0,93.0,72.0,0.0,80.0,96.0,93.0,94.0,35.0,35.0,95.0,94.0,0.0,15.0,45.0,84.0,90.0,83.0,91.0,62.0,0.0,1.0,0.0,0.0,45.0,45.0,45.0,0.0,76.0,73.0,94.0,90.0,96.0,75.0,0.0,15.0,86.0,15.0,15.0,45.0,15.0,72.0,0.0,93.0,32224.0,95.0,Rod Woodson,CB,"Ht: 6' 0"" Wt: 205"
224,96.0,96.0,89.0,92.0,75.0,0.0,71.0,68.0,79.0,93.0,70.0,0.0,78.0,94.0,93.0,95.0,35.0,35.0,95.0,92.0,0.0,15.0,45.0,83.0,89.0,82.0,89.0,60.0,0.0,1.0,0.0,0.0,45.0,45.0,45.0,1.0,76.0,71.0,95.0,90.0,94.0,73.0,0.0,15.0,84.0,15.0,15.0,45.0,15.0,72.0,0.0,91.0,32225.0,94.0,Rod Woodson,CB,"Ht: 6' 0"" Wt: 205"
225,91.0,91.0,92.0,92.0,77.0,0.0,69.0,71.0,81.0,93.0,72.0,0.0,81.0,92.0,93.0,89.0,35.0,35.0,92.0,84.0,0.0,15.0,45.0,80.0,92.0,77.0,84.0,63.0,1.0,1.0,0.0,0.0,45.0,45.0,45.0,0.0,76.0,74.0,90.0,90.0,92.0,76.0,0.0,15.0,85.0,15.0,15.0,45.0,15.0,72.0,0.0,90.0,32226.0,92.0,Rod Woodson,FS,"Ht: 6' 0"" Wt: 205"
226,89.0,89.0,93.0,92.0,76.0,0.0,68.0,71.0,81.0,93.0,71.0,0.0,79.0,90.0,93.0,87.0,35.0,35.0,89.0,82.0,0.0,15.0,45.0,78.0,93.0,74.0,83.0,61.0,0.0,1.0,0.0,0.0,45.0,45.0,45.0,0.0,76.0,74.0,88.0,90.0,90.0,76.0,0.0,15.0,83.0,15.0,15.0,45.0,15.0,72.0,1.0,88.0,32227.0,91.0,Rod Woodson,FS,"Ht: 6' 0"" Wt: 205"
227,96.0,96.0,80.0,92.0,71.0,1.0,66.0,65.0,75.0,93.0,66.0,0.0,75.0,88.0,93.0,95.0,35.0,35.0,95.0,87.0,0.0,15.0,45.0,74.0,80.0,73.0,81.0,56.0,0.0,1.0,0.0,0.0,45.0,45.0,45.0,0.0,76.0,68.0,95.0,90.0,88.0,69.0,0.0,15.0,77.0,15.0,15.0,45.0,15.0,72.0,0.0,85.0,32228.0,89.0,Rod Woodson,CB,"Ht: 6' 0"" Wt: 205"
228,91.0,85.0,96.0,46.0,97.0,0.0,45.0,57.0,43.0,42.0,88.0,0.0,94.0,93.0,45.0,90.0,25.0,25.0,15.0,50.0,0.0,15.0,45.0,91.0,96.0,42.0,95.0,98.0,0.0,0.0,0.0,0.0,45.0,35.0,15.0,0.0,63.0,50.0,87.0,36.0,96.0,96.0,0.0,15.0,96.0,20.0,20.0,25.0,15.0,49.0,1.0,62.0,32229.0,98.0,Richard Dent,RE,"Ht: 6' 5"" Wt: 265"
229,91.0,85.0,96.0,46.0,97.0,0.0,45.0,57.0,43.0,42.0,88.0,0.0,94.0,93.0,45.0,90.0,25.0,25.0,15.0,50.0,0.0,15.0,45.0,91.0,96.0,42.0,95.0,98.0,1.0,0.0,0.0,0.0,45.0,35.0,15.0,0.0,63.0,50.0,87.0,36.0,96.0,96.0,0.0,15.0,96.0,20.0,20.0,25.0,15.0,49.0,0.0,62.0,32230.0,98.0,Richard Dent,RE,"Ht: 6' 5"" Wt: 265"
230,91.0,85.0,96.0,46.0,97.0,0.0,45.0,57.0,43.0,42.0,88.0,0.0,94.0,93.0,45.0,90.0,25.0,25.0,15.0,50.0,0.0,15.0,45.0,91.0,96.0,42.0,95.0,98.0,0.0,0.0,0.0,0.0,45.0,35.0,15.0,1.0,63.0,50.0,87.0,36.0,96.0,96.0,0.0,15.0,96.0,20.0,20.0,25.0,15.0,49.0,0.0,62.0,32231.0,98.0,Richard Dent,RE,"Ht: 6' 5"" Wt: 265"
231,91.0,85.0,96.0,46.0,97.0,1.0,45.0,57.0,43.0,42.0,88.0,0.0,94.0,93.0,45.0,90.0,25.0,25.0,15.0,50.0,0.0,15.0,45.0,91.0,96.0,42.0,95.0,98.0,0.0,0.0,0.0,0.0,45.0,35.0,15.0,0.0,63.0,50.0,87.0,36.0,96.0,96.0,0.0,15.0,96.0,20.0,20.0,25.0,15.0,49.0,0.0,62.0,32232.0,98.0,Richard Dent,RE,"Ht: 6' 5"" Wt: 265"
232,89.0,89.0,82.0,82.0,30.0,0.0,81.0,70.0,70.0,84.0,22.0,0.0,42.0,84.0,87.0,86.0,35.0,35.0,71.0,35.0,1.0,15.0,65.0,35.0,35.0,15.0,35.0,35.0,0.0,0.0,0.0,0.0,52.0,66.0,72.0,0.0,76.0,66.0,88.0,87.0,84.0,65.0,0.0,15.0,48.0,15.0,15.0,40.0,15.0,64.0,0.0,36.0,32233.0,84.0,Barry Sanders,HB,
